Tabela,Data,Kurs Å›redni,Zmiana
45/A/NBP/2019,2019-03-05,0.4838,0.21
44/A/NBP/2019,2019-03-04,0.4828,-0.06
43/A/NBP/2019,2019-03-01,0.4831,0.19
42/A/NBP/2019,2019-02-28,0.4822,-0.1
41/A/NBP/2019,2019-02-27,0.4827,-0.62
40/A/NBP/2019,2019-02-26,0.4857,-0.31
39/A/NBP/2019,2019-02-25,0.4872,-0.06
38/A/NBP/2019,2019-02-22,0.4875,0.04
37/A/NBP/2019,2019-02-21,0.4873,0.06
36/A/NBP/2019,2019-02-20,0.487,-0.23
35/A/NBP/2019,2019-02-19,0.4881,0.06
34/A/NBP/2019,2019-02-18,0.4878,-0.1
33/A/NBP/2019,2019-02-15,0.4883,-0.51
32/A/NBP/2019,2019-02-14,0.4908,0.68
31/A/NBP/2019,2019-02-13,0.4875,-0.31
30/A/NBP/2019,2019-02-12,0.489,0.47
29/A/NBP/2019,2019-02-11,0.4867,0.39
28/A/NBP/2019,2019-02-08,0.4848,0.31
27/A/NBP/2019,2019-02-07,0.4833,0.58
26/A/NBP/2019,2019-02-06,0.4805,0.44
25/A/NBP/2019,2019-02-05,0.4784,0.4
24/A/NBP/2019,2019-02-04,0.4765,0.42
23/A/NBP/2019,2019-02-01,0.4745,-0.11
22/A/NBP/2019,2019-01-31,0.475,-0.86
21/A/NBP/2019,2019-01-30,0.4791,0.1
20/A/NBP/2019,2019-01-29,0.4786,-0.1
19/A/NBP/2019,2019-01-28,0.4791,-0.81
18/A/NBP/2019,2019-01-25,0.483,0.15
17/A/NBP/2019,2019-01-24,0.4823,0.25
16/A/NBP/2019,2019-01-23,0.4811,0.04
15/A/NBP/2019,2019-01-22,0.4809,-0.06
14/A/NBP/2019,2019-01-21,0.4812,0.15
13/A/NBP/2019,2019-01-18,0.4805,0.15
12/A/NBP/2019,2019-01-17,0.4798,0.04
11/A/NBP/2019,2019-01-16,0.4796,0.21
10/A/NBP/2019,2019-01-15,0.4786,0.21
9/A/NBP/2019,2019-01-14,0.4776,0.44
8/A/NBP/2019,2019-01-11,0.4755,-0.23
7/A/NBP/2019,2019-01-10,0.4766,-0.4
6/A/NBP/2019,2019-01-09,0.4785,-0.13
5/A/NBP/2019,2019-01-08,0.4791,-0.08
4/A/NBP/2019,2019-01-07,0.4795,-0.42
3/A/NBP/2019,2019-01-04,0.4815,-0.29
2/A/NBP/2019,2019-01-03,0.4829,0.58
1/A/NBP/2019,2019-01-02,0.4801,0
252/A/NBP/2018,2018-12-31,0.4801,0.13
251/A/NBP/2018,2018-12-28,0.4795,-0.19
250/A/NBP/2018,2018-12-27,0.4804,0.08
249/A/NBP/2018,2018-12-24,0.48,0.13
248/A/NBP/2018,2018-12-21,0.4794,0.52
247/A/NBP/2018,2018-12-20,0.4769,-0.81
246/A/NBP/2018,2018-12-19,0.4808,-0.19
245/A/NBP/2018,2018-12-18,0.4817,-0.62
244/A/NBP/2018,2018-12-17,0.4847,-0.53
243/A/NBP/2018,2018-12-14,0.4873,0.85
242/A/NBP/2018,2018-12-13,0.4832,-0.43
241/A/NBP/2018,2018-12-12,0.4853,0.43
240/A/NBP/2018,2018-12-11,0.4832,0.44
239/A/NBP/2018,2018-12-10,0.4811,-0.25
238/A/NBP/2018,2018-12-07,0.4823,-0.41
237/A/NBP/2018,2018-12-06,0.4843,-0.02
236/A/NBP/2018,2018-12-05,0.4844,0.77
235/A/NBP/2018,2018-12-04,0.4807,-0.23
234/A/NBP/2018,2018-12-03,0.4818,-0.12
233/A/NBP/2018,2018-11-30,0.4824,0.02
232/A/NBP/2018,2018-11-29,0.4823,-0.94
231/A/NBP/2018,2018-11-28,0.4869,0.43
230/A/NBP/2018,2018-11-27,0.4848,0.58
229/A/NBP/2018,2018-11-26,0.482,-0.15
228/A/NBP/2018,2018-11-23,0.4827,0.08
227/A/NBP/2018,2018-11-22,0.4823,-0.17
226/A/NBP/2018,2018-11-21,0.4831,-0.17
225/A/NBP/2018,2018-11-20,0.4839,0.17
224/A/NBP/2018,2018-11-19,0.4831,-0.1
223/A/NBP/2018,2018-11-16,0.4836,-0.51
222/A/NBP/2018,2018-11-15,0.4861,-0.1
221/A/NBP/2018,2018-11-14,0.4866,-0.45
220/A/NBP/2018,2018-11-13,0.4888,0.33
219/A/NBP/2018,2018-11-12,0.4872,0.81
218/A/NBP/2018,2018-11-09,0.4833,0.6
217/A/NBP/2018,2018-11-08,0.4804,0.59
216/A/NBP/2018,2018-11-07,0.4776,-1.04
215/A/NBP/2018,2018-11-06,0.4826,-0.29
214/A/NBP/2018,2018-11-05,0.484,0.21
213/A/NBP/2018,2018-11-02,0.483,-0.8
212/A/NBP/2018,2018-10-31,0.4869,0.35
211/A/NBP/2018,2018-10-30,0.4852,0.33
210/A/NBP/2018,2018-10-29,0.4836,0.04
209/A/NBP/2018,2018-10-26,0.4834,0.27
208/A/NBP/2018,2018-10-25,0.4821,0.27
207/A/NBP/2018,2018-10-24,0.4808,0.54
206/A/NBP/2018,2018-10-23,0.4782,0.57
205/A/NBP/2018,2018-10-22,0.4755,-0.85
204/A/NBP/2018,2018-10-19,0.4796,0.78
203/A/NBP/2018,2018-10-18,0.4759,0.49
202/A/NBP/2018,2018-10-17,0.4736,0.23
201/A/NBP/2018,2018-10-16,0.4725,-0.15
200/A/NBP/2018,2018-10-15,0.4732,-0.15
199/A/NBP/2018,2018-10-12,0.4739,-0.69
198/A/NBP/2018,2018-10-11,0.4772,-0.29
197/A/NBP/2018,2018-10-10,0.4786,-0.37
196/A/NBP/2018,2018-10-09,0.4804,0.1
195/A/NBP/2018,2018-10-08,0.4799,0.21
194/A/NBP/2018,2018-10-05,0.4789,0.02
193/A/NBP/2018,2018-10-04,0.4788,1.12
192/A/NBP/2018,2018-10-03,0.4735,-0.57
191/A/NBP/2018,2018-10-02,0.4762,1.1
190/A/NBP/2018,2018-10-01,0.471,0.21
189/A/NBP/2018,2018-09-28,0.47,0.49
188/A/NBP/2018,2018-09-27,0.4677,0.3
187/A/NBP/2018,2018-09-26,0.4663,-0.26
186/A/NBP/2018,2018-09-25,0.4675,-0.3
185/A/NBP/2018,2018-09-24,0.4689,0.64
184/A/NBP/2018,2018-09-21,0.4659,-0.43
183/A/NBP/2018,2018-09-20,0.4679,0.06
182/A/NBP/2018,2018-09-19,0.4676,-0.38
181/A/NBP/2018,2018-09-18,0.4694,-0.09
180/A/NBP/2018,2018-09-17,0.4698,0.17
179/A/NBP/2018,2018-09-14,0.469,-0.87
178/A/NBP/2018,2018-09-13,0.4731,-0.15
177/A/NBP/2018,2018-09-12,0.4738,0.28
176/A/NBP/2018,2018-09-11,0.4725,-0.51
175/A/NBP/2018,2018-09-10,0.4749,0.76
174/A/NBP/2018,2018-09-07,0.4713,-0.4
173/A/NBP/2018,2018-09-06,0.4732,-0.48
172/A/NBP/2018,2018-09-05,0.4755,0.21
171/A/NBP/2018,2018-09-04,0.4745,0.68
170/A/NBP/2018,2018-09-03,0.4713,0.49
169/A/NBP/2018,2018-08-31,0.469,0.26
168/A/NBP/2018,2018-08-30,0.4678,-0.06
167/A/NBP/2018,2018-08-29,0.4681,0.54
166/A/NBP/2018,2018-08-28,0.4656,-0.75
165/A/NBP/2018,2018-08-27,0.4691,-0.51
164/A/NBP/2018,2018-08-24,0.4715,-0.15
163/A/NBP/2018,2018-08-23,0.4722,-0.08
162/A/NBP/2018,2018-08-22,0.4726,-0.74
161/A/NBP/2018,2018-08-21,0.4761,-0.85
160/A/NBP/2018,2018-08-20,0.4802,-0.23
159/A/NBP/2018,2018-08-17,0.4813,-0.25
158/A/NBP/2018,2018-08-16,0.4825,0.29
157/A/NBP/2018,2018-08-14,0.4811,-0.25
156/A/NBP/2018,2018-08-13,0.4823,1.01
155/A/NBP/2018,2018-08-10,0.4775,1.73
154/A/NBP/2018,2018-08-09,0.4694,0.19
153/A/NBP/2018,2018-08-08,0.4685,0.13
152/A/NBP/2018,2018-08-07,0.4679,-0.53
151/A/NBP/2018,2018-08-06,0.4704,-0.02
150/A/NBP/2018,2018-08-03,0.4705,0.41
149/A/NBP/2018,2018-08-02,0.4686,0.49
148/A/NBP/2018,2018-08-01,0.4663,0.32
147/A/NBP/2018,2018-07-31,0.4648,-0.56
146/A/NBP/2018,2018-07-30,0.4674,-0.68
145/A/NBP/2018,2018-07-27,0.4706,0.77
144/A/NBP/2018,2018-07-26,0.467,-0.43
143/A/NBP/2018,2018-07-25,0.469,-0.59
142/A/NBP/2018,2018-07-24,0.4718,0.19
141/A/NBP/2018,2018-07-23,0.4709,-0.57
140/A/NBP/2018,2018-07-20,0.4736,0.04
139/A/NBP/2018,2018-07-19,0.4734,0.34
138/A/NBP/2018,2018-07-18,0.4718,1.11
137/A/NBP/2018,2018-07-17,0.4666,-0.55
136/A/NBP/2018,2018-07-16,0.4692,-1.12
135/A/NBP/2018,2018-07-13,0.4745,0.49
134/A/NBP/2018,2018-07-12,0.4722,0.17
133/A/NBP/2018,2018-07-11,0.4714,0.06
132/A/NBP/2018,2018-07-10,0.4711,0.34
131/A/NBP/2018,2018-07-09,0.4695,-1.01
130/A/NBP/2018,2018-07-06,0.4743,-0.71
129/A/NBP/2018,2018-07-05,0.4777,-0.77
128/A/NBP/2018,2018-07-04,0.4814,0.15
127/A/NBP/2018,2018-07-03,0.4807,0.04
126/A/NBP/2018,2018-07-02,0.4805,0.71
125/A/NBP/2018,2018-06-29,0.4771,-0.69
124/A/NBP/2018,2018-06-28,0.4804,0.95
123/A/NBP/2018,2018-06-27,0.4759,0.55
122/A/NBP/2018,2018-06-26,0.4733,0.13
121/A/NBP/2018,2018-06-25,0.4727,0.3
120/A/NBP/2018,2018-06-22,0.4713,-1.67
119/A/NBP/2018,2018-06-21,0.4793,0.69
118/A/NBP/2018,2018-06-20,0.476,0.13
117/A/NBP/2018,2018-06-19,0.4754,0.85
116/A/NBP/2018,2018-06-18,0.4714,0.21
115/A/NBP/2018,2018-06-15,0.4704,2.11
114/A/NBP/2018,2018-06-14,0.4607,-0.84
113/A/NBP/2018,2018-06-13,0.4646,0.52
112/A/NBP/2018,2018-06-12,0.4622,0.04
111/A/NBP/2018,2018-06-11,0.462,-0.62
110/A/NBP/2018,2018-06-08,0.4649,1.13
109/A/NBP/2018,2018-06-07,0.4597,-1.1
108/A/NBP/2018,2018-06-06,0.4648,-0.26
107/A/NBP/2018,2018-06-05,0.466,-0.28
106/A/NBP/2018,2018-06-04,0.4673,-0.74
105/A/NBP/2018,2018-06-01,0.4708,-0.74
104/A/NBP/2018,2018-05-30,0.4743,-0.23
103/A/NBP/2018,2018-05-29,0.4754,1.21
102/A/NBP/2018,2018-05-28,0.4697,0.45
101/A/NBP/2018,2018-05-25,0.4676,0.28
100/A/NBP/2018,2018-05-24,0.4663,-0.24
99/A/NBP/2018,2018-05-23,0.4674,1.19
98/A/NBP/2018,2018-05-22,0.4619,-0.96
97/A/NBP/2018,2018-05-21,0.4664,0.63
96/A/NBP/2018,2018-05-18,0.4635,0.26
95/A/NBP/2018,2018-05-17,0.4623,0.13
94/A/NBP/2018,2018-05-16,0.4617,0.87
93/A/NBP/2018,2018-05-15,0.4577,1.04
92/A/NBP/2018,2018-05-14,0.453,-0.42
91/A/NBP/2018,2018-05-11,0.4549,-0.18
90/A/NBP/2018,2018-05-10,0.4557,-0.89
89/A/NBP/2018,2018-05-09,0.4598,0.57
88/A/NBP/2018,2018-05-08,0.4572,0.73
87/A/NBP/2018,2018-05-07,0.4539,-0.35
86/A/NBP/2018,2018-05-04,0.4555,0.53
85/A/NBP/2018,2018-05-02,0.4531,2
84/A/NBP/2018,2018-04-30,0.4442,-0.4
83/A/NBP/2018,2018-04-27,0.446,0.5
82/A/NBP/2018,2018-04-26,0.4438,0.82
81/A/NBP/2018,2018-04-25,0.4402,0.39
80/A/NBP/2018,2018-04-24,0.4385,0.69
79/A/NBP/2018,2018-04-23,0.4355,0.86
78/A/NBP/2018,2018-04-20,0.4318,0.58
77/A/NBP/2018,2018-04-19,0.4293,-0.05
76/A/NBP/2018,2018-04-18,0.4295,0.44
75/A/NBP/2018,2018-04-17,0.4276,-0.3
74/A/NBP/2018,2018-04-16,0.4289,-0.58
73/A/NBP/2018,2018-04-13,0.4314,-0.19
72/A/NBP/2018,2018-04-12,0.4322,0.19
71/A/NBP/2018,2018-04-11,0.4314,-0.6
70/A/NBP/2018,2018-04-10,0.434,-0.32
69/A/NBP/2018,2018-04-09,0.4354,-0.41
68/A/NBP/2018,2018-04-06,0.4372,0.05
67/A/NBP/2018,2018-04-05,0.437,0.25
66/A/NBP/2018,2018-04-04,0.4359,0.11
65/A/NBP/2018,2018-04-03,0.4354,0.11
64/A/NBP/2018,2018-03-30,0.4349,-0.21
63/A/NBP/2018,2018-03-29,0.4358,0.72
62/A/NBP/2018,2018-03-28,0.4327,0.09
61/A/NBP/2018,2018-03-27,0.4323,-0.64
60/A/NBP/2018,2018-03-26,0.4351,-0.48
59/A/NBP/2018,2018-03-23,0.4372,0.11
58/A/NBP/2018,2018-03-22,0.4367,-0.82
57/A/NBP/2018,2018-03-21,0.4403,0.71
56/A/NBP/2018,2018-03-20,0.4372,-0.14
55/A/NBP/2018,2018-03-19,0.4378,0.37
54/A/NBP/2018,2018-03-16,0.4362,0.25
53/A/NBP/2018,2018-03-15,0.4351,0.18
52/A/NBP/2018,2018-03-14,0.4343,-0.28
51/A/NBP/2018,2018-03-13,0.4355,0.21
50/A/NBP/2018,2018-03-12,0.4346,-0.21
49/A/NBP/2018,2018-03-09,0.4355,0.6
48/A/NBP/2018,2018-03-08,0.4329,0.51
47/A/NBP/2018,2018-03-07,0.4307,-0.58
46/A/NBP/2018,2018-03-06,0.4332,-0.21
45/A/NBP/2018,2018-03-05,0.4341,-0.6
44/A/NBP/2018,2018-03-02,0.4367,-0.52
43/A/NBP/2018,2018-03-01,0.439,0.5
42/A/NBP/2018,2018-02-28,0.4368,1.09
41/A/NBP/2018,2018-02-27,0.4321,0.02
40/A/NBP/2018,2018-02-26,0.432,-0.35
39/A/NBP/2018,2018-02-23,0.4335,-0.28
38/A/NBP/2018,2018-02-22,0.4347,0.95
37/A/NBP/2018,2018-02-21,0.4306,0.28
36/A/NBP/2018,2018-02-20,0.4294,0.54
35/A/NBP/2018,2018-02-19,0.4271,0.68
34/A/NBP/2018,2018-02-16,0.4242,-0.24
33/A/NBP/2018,2018-02-15,0.4252,-1.48
32/A/NBP/2018,2018-02-14,0.4316,-0.46
31/A/NBP/2018,2018-02-13,0.4336,-0.64
30/A/NBP/2018,2018-02-12,0.4364,-0.41
29/A/NBP/2018,2018-02-09,0.4382,0.41
28/A/NBP/2018,2018-02-08,0.4364,1.32
27/A/NBP/2018,2018-02-07,0.4307,0.54
26/A/NBP/2018,2018-02-06,0.4284,0.37
25/A/NBP/2018,2018-02-05,0.4268,0.14
24/A/NBP/2018,2018-02-02,0.4262,-0.05
23/A/NBP/2018,2018-02-01,0.4264,0.09
22/A/NBP/2018,2018-01-31,0.426,-0.4
21/A/NBP/2018,2018-01-30,0.4277,0.21
20/A/NBP/2018,2018-01-29,0.4268,0.21
19/A/NBP/2018,2018-01-26,0.4259,-0.23
18/A/NBP/2018,2018-01-25,0.4269,-1.11
17/A/NBP/2018,2018-01-24,0.4317,-0.99
16/A/NBP/2018,2018-01-23,0.436,0.16
15/A/NBP/2018,2018-01-22,0.4353,0.11
14/A/NBP/2018,2018-01-19,0.4348,-0.34
13/A/NBP/2018,2018-01-18,0.4363,0.02
12/A/NBP/2018,2018-01-17,0.4362,-0.16
11/A/NBP/2018,2018-01-16,0.4369,0.51
10/A/NBP/2018,2018-01-15,0.4347,-1.02
9/A/NBP/2018,2018-01-12,0.4392,-1.68
8/A/NBP/2018,2018-01-11,0.4467,-0.13
7/A/NBP/2018,2018-01-10,0.4473,0
6/A/NBP/2018,2018-01-09,0.4473,0.72
5/A/NBP/2018,2018-01-08,0.4441,0.7
4/A/NBP/2018,2018-01-05,0.441,0.02
3/A/NBP/2018,2018-01-04,0.4409,-0.45
2/A/NBP/2018,2018-01-03,0.4429,0.18
1/A/NBP/2018,2018-01-02,0.4421,-0.76
251/A/NBP/2017,2017-12-29,0.4455,-0.65
250/A/NBP/2017,2017-12-28,0.4484,-0.62
249/A/NBP/2017,2017-12-27,0.4512,-0.31
248/A/NBP/2017,2017-12-22,0.4526,0.13
247/A/NBP/2017,2017-12-21,0.452,-0.26
246/A/NBP/2017,2017-12-20,0.4532,-0.4
245/A/NBP/2017,2017-12-19,0.455,-0.5
244/A/NBP/2017,2017-12-18,0.4573,-0.17
243/A/NBP/2017,2017-12-15,0.4581,0.2
242/A/NBP/2017,2017-12-14,0.4572,-0.52
241/A/NBP/2017,2017-12-13,0.4596,0.48
240/A/NBP/2017,2017-12-12,0.4574,0.22
239/A/NBP/2017,2017-12-11,0.4564,-0.48
238/A/NBP/2017,2017-12-08,0.4586,0.28
237/A/NBP/2017,2017-12-07,0.4573,0.24
236/A/NBP/2017,2017-12-06,0.4562,0.53
235/A/NBP/2017,2017-12-05,0.4538,-0.09
234/A/NBP/2017,2017-12-04,0.4542,0.35
233/A/NBP/2017,2017-12-01,0.4526,-0.57
232/A/NBP/2017,2017-11-30,0.4552,0.4
231/A/NBP/2017,2017-11-29,0.4534,-0.02
230/A/NBP/2017,2017-11-28,0.4535,0.29
229/A/NBP/2017,2017-11-27,0.4522,-0.51
228/A/NBP/2017,2017-11-24,0.4545,-0.18
227/A/NBP/2017,2017-11-23,0.4553,-0.89
226/A/NBP/2017,2017-11-22,0.4594,-0.48
225/A/NBP/2017,2017-11-21,0.4616,0.41
224/A/NBP/2017,2017-11-20,0.4597,-0.17
223/A/NBP/2017,2017-11-17,0.4605,0
222/A/NBP/2017,2017-11-16,0.4605,0.17
221/A/NBP/2017,2017-11-15,0.4597,-0.71
220/A/NBP/2017,2017-11-14,0.463,-0.73
219/A/NBP/2017,2017-11-13,0.4664,0.3
218/A/NBP/2017,2017-11-10,0.465,-0.56
217/A/NBP/2017,2017-11-09,0.4676,-0.34
216/A/NBP/2017,2017-11-08,0.4692,-0.11
215/A/NBP/2017,2017-11-07,0.4697,0.17
214/A/NBP/2017,2017-11-06,0.4689,0.49
213/A/NBP/2017,2017-11-03,0.4666,0.09
212/A/NBP/2017,2017-11-02,0.4662,-0.45
211/A/NBP/2017,2017-10-31,0.4683,0.26
210/A/NBP/2017,2017-10-30,0.4671,-0.32
209/A/NBP/2017,2017-10-27,0.4686,1.71
208/A/NBP/2017,2017-10-26,0.4607,-0.15
207/A/NBP/2017,2017-10-25,0.4614,0.11
204/A/NBP/2017,2017-10-20,0.4609,0.17
203/A/NBP/2017,2017-10-19,0.4601,-0.24
202/A/NBP/2017,2017-10-18,0.4612,0.13
201/A/NBP/2017,2017-10-17,0.4606,-0.11
200/A/NBP/2017,2017-10-16,0.4611,-0.02
199/A/NBP/2017,2017-10-13,0.4612,0.02
198/A/NBP/2017,2017-10-12,0.4611,-0.65
197/A/NBP/2017,2017-10-11,0.4641,-0.66
196/A/NBP/2017,2017-10-10,0.4672,-0.76
195/A/NBP/2017,2017-10-09,0.4708,-0.13
194/A/NBP/2017,2017-10-06,0.4714,0.83
193/A/NBP/2017,2017-10-05,0.4675,-0.26
192/A/NBP/2017,2017-10-04,0.4687,-0.32
191/A/NBP/2017,2017-10-03,0.4702,0
190/A/NBP/2017,2017-10-02,0.4702,0.56
189/A/NBP/2017,2017-09-29,0.4676,-0.47
188/A/NBP/2017,2017-09-28,0.4698,0.11
187/A/NBP/2017,2017-09-27,0.4693,1.21
186/A/NBP/2017,2017-09-26,0.4637,1.02
185/A/NBP/2017,2017-09-25,0.459,0.53
184/A/NBP/2017,2017-09-22,0.4566,-0.95
183/A/NBP/2017,2017-09-21,0.461,1.05
182/A/NBP/2017,2017-09-20,0.4562,-0.65
181/A/NBP/2017,2017-09-19,0.4592,0.04
180/A/NBP/2017,2017-09-18,0.459,0.02
179/A/NBP/2017,2017-09-15,0.4589,-0.37
178/A/NBP/2017,2017-09-14,0.4606,1.01
177/A/NBP/2017,2017-09-13,0.456,0.22
176/A/NBP/2017,2017-09-12,0.455,0.75
175/A/NBP/2017,2017-09-11,0.4516,0.09
174/A/NBP/2017,2017-09-08,0.4512,-0.66
173/A/NBP/2017,2017-09-07,0.4542,0
172/A/NBP/2017,2017-09-06,0.4542,-0.29
171/A/NBP/2017,2017-09-05,0.4555,-0.22
170/A/NBP/2017,2017-09-04,0.4565,0.07
169/A/NBP/2017,2017-09-01,0.4562,-0.37
168/A/NBP/2017,2017-08-31,0.4579,0.46
167/A/NBP/2017,2017-08-30,0.4558,0.82
166/A/NBP/2017,2017-08-29,0.4521,-1.03
165/A/NBP/2017,2017-08-28,0.4568,-1.02
164/A/NBP/2017,2017-08-25,0.4615,-0.6
163/A/NBP/2017,2017-08-24,0.4643,0.17
162/A/NBP/2017,2017-08-23,0.4635,-0.15
161/A/NBP/2017,2017-08-22,0.4642,-0.24
160/A/NBP/2017,2017-08-21,0.4653,-0.15
159/A/NBP/2017,2017-08-18,0.466,0.56
158/A/NBP/2017,2017-08-17,0.4634,-0.52
157/A/NBP/2017,2017-08-16,0.4658,0.41
156/A/NBP/2017,2017-08-14,0.4639,-0.49
155/A/NBP/2017,2017-08-11,0.4662,0.02
154/A/NBP/2017,2017-08-10,0.4661,0.24
153/A/NBP/2017,2017-08-09,0.465,0.96
152/A/NBP/2017,2017-08-08,0.4606,0.09
151/A/NBP/2017,2017-08-07,0.4602,0.77
150/A/NBP/2017,2017-08-04,0.4567,-0.59
149/A/NBP/2017,2017-08-03,0.4594,0.13
148/A/NBP/2017,2017-08-02,0.4588,-0.43
147/A/NBP/2017,2017-08-01,0.4608,-0.75
146/A/NBP/2017,2017-07-31,0.4643,-0.39
145/A/NBP/2017,2017-07-28,0.4661,0.11
144/A/NBP/2017,2017-07-27,0.4656,-0.81
143/A/NBP/2017,2017-07-26,0.4694,0.34
142/A/NBP/2017,2017-07-25,0.4678,0.34
141/A/NBP/2017,2017-07-24,0.4662,0.24
140/A/NBP/2017,2017-07-21,0.4651,-0.79
139/A/NBP/2017,2017-07-20,0.4688,0.32
138/A/NBP/2017,2017-07-19,0.4673,0
137/A/NBP/2017,2017-07-18,0.4673,-0.81
136/A/NBP/2017,2017-07-17,0.4711,-0.53
135/A/NBP/2017,2017-07-14,0.4736,-0.4
134/A/NBP/2017,2017-07-13,0.4755,0.3
133/A/NBP/2017,2017-07-12,0.4741,-0.55
132/A/NBP/2017,2017-07-11,0.4767,0.21
131/A/NBP/2017,2017-07-10,0.4757,0.23
130/A/NBP/2017,2017-07-07,0.4746,-0.77
129/A/NBP/2017,2017-07-06,0.4783,-0.35
128/A/NBP/2017,2017-07-05,0.48,0.29
127/A/NBP/2017,2017-07-04,0.4786,0.48
126/A/NBP/2017,2017-07-03,0.4763,0.32
125/A/NBP/2017,2017-06-30,0.4748,-0.17
124/A/NBP/2017,2017-06-29,0.4756,-0.36
123/A/NBP/2017,2017-06-28,0.4773,-0.58
122/A/NBP/2017,2017-06-27,0.4801,-0.54
121/A/NBP/2017,2017-06-26,0.4827,-0.47
120/A/NBP/2017,2017-06-23,0.485,-0.47
119/A/NBP/2017,2017-06-22,0.4873,-0.2
118/A/NBP/2017,2017-06-21,0.4883,0.58
117/A/NBP/2017,2017-06-20,0.4855,0.64
116/A/NBP/2017,2017-06-19,0.4824,-0.33
115/A/NBP/2017,2017-06-16,0.484,0.69
114/A/NBP/2017,2017-06-14,0.4807,0.29
113/A/NBP/2017,2017-06-13,0.4793,0.06
112/A/NBP/2017,2017-06-12,0.479,-0.33
111/A/NBP/2017,2017-06-09,0.4806,0.21
110/A/NBP/2017,2017-06-08,0.4796,0.38
109/A/NBP/2017,2017-06-07,0.4778,-0.02
108/A/NBP/2017,2017-06-06,0.4779,0.46
107/A/NBP/2017,2017-06-05,0.4757,-0.69
106/A/NBP/2017,2017-06-02,0.479,0.17
105/A/NBP/2017,2017-06-01,0.4782,-0.25
104/A/NBP/2017,2017-05-31,0.4794,-0.29
103/A/NBP/2017,2017-05-30,0.4808,0.29
102/A/NBP/2017,2017-05-29,0.4794,0.29
101/A/NBP/2017,2017-05-26,0.478,0.17
100/A/NBP/2017,2017-05-25,0.4772,-0.98
99/A/NBP/2017,2017-05-24,0.4819,0.46
98/A/NBP/2017,2017-05-23,0.4797,-0.46
97/A/NBP/2017,2017-05-22,0.4819,-0.62
96/A/NBP/2017,2017-05-19,0.4849,-0.45
95/A/NBP/2017,2017-05-18,0.4871,0.33
94/A/NBP/2017,2017-05-17,0.4855,-0.33
93/A/NBP/2017,2017-05-16,0.4871,-1.4
92/A/NBP/2017,2017-05-15,0.494,-0.88
91/A/NBP/2017,2017-05-12,0.4984,0.18
90/A/NBP/2017,2017-05-11,0.4975,-0.1
89/A/NBP/2017,2017-05-10,0.498,0.06
88/A/NBP/2017,2017-05-09,0.4977,0.91
87/A/NBP/2017,2017-05-08,0.4932,-0.26
86/A/NBP/2017,2017-05-05,0.4945,-0.38
85/A/NBP/2017,2017-05-04,0.4964,-0.16
84/A/NBP/2017,2017-05-02,0.4972,0
83/A/NBP/2017,2017-04-28,0.4972,-0.24
82/A/NBP/2017,2017-04-27,0.4984,0.06
81/A/NBP/2017,2017-04-26,0.4981,-0.28
80/A/NBP/2017,2017-04-25,0.4995,-0.54
79/A/NBP/2017,2017-04-24,0.5022,-1.99
78/A/NBP/2017,2017-04-21,0.5124,0.65
77/A/NBP/2017,2017-04-20,0.5091,0.04
76/A/NBP/2017,2017-04-19,0.5089,-0.61
75/A/NBP/2017,2017-04-18,0.512,-0.27
74/A/NBP/2017,2017-04-14,0.5134,0.06
73/A/NBP/2017,2017-04-13,0.5131,-0.39
72/A/NBP/2017,2017-04-12,0.5151,0.04
71/A/NBP/2017,2017-04-11,0.5149,0.14
70/A/NBP/2017,2017-04-10,0.5142,0.49
69/A/NBP/2017,2017-04-07,0.5117,-0.08
68/A/NBP/2017,2017-04-06,0.5121,0.02
67/A/NBP/2017,2017-04-05,0.512,-0.25
66/A/NBP/2017,2017-04-04,0.5133,0.59
65/A/NBP/2017,2017-04-03,0.5103,0.49
64/A/NBP/2017,2017-03-31,0.5078,0.14
63/A/NBP/2017,2017-03-30,0.5071,0.34
62/A/NBP/2017,2017-03-29,0.5054,0.24
61/A/NBP/2017,2017-03-28,0.5042,-0.22
60/A/NBP/2017,2017-03-27,0.5053,-0.59
59/A/NBP/2017,2017-03-24,0.5083,-0.53
58/A/NBP/2017,2017-03-23,0.511,-0.12
57/A/NBP/2017,2017-03-22,0.5116,0.57
56/A/NBP/2017,2017-03-21,0.5087,-0.78
55/A/NBP/2017,2017-03-20,0.5127,-0.29
54/A/NBP/2017,2017-03-17,0.5142,-0.92
53/A/NBP/2017,2017-03-16,0.519,-0.82
52/A/NBP/2017,2017-03-15,0.5233,-0.08
51/A/NBP/2017,2017-03-14,0.5237,-0.21
50/A/NBP/2017,2017-03-13,0.5248,0
49/A/NBP/2017,2017-03-10,0.5248,-0.25
48/A/NBP/2017,2017-03-09,0.5261,0.1
47/A/NBP/2017,2017-03-08,0.5256,0
46/A/NBP/2017,2017-03-07,0.5256,0.38
45/A/NBP/2017,2017-03-06,0.5236,-0.74
44/A/NBP/2017,2017-03-03,0.5275,0.46
43/A/NBP/2017,2017-03-02,0.5251,0
42/A/NBP/2017,2017-03-01,0.5251,-0.04
41/A/NBP/2017,2017-02-28,0.5253,0.06
40/A/NBP/2017,2017-02-27,0.525,0.13
39/A/NBP/2017,2017-02-24,0.5243,-0.4
38/A/NBP/2017,2017-02-23,0.5264,-0.11
37/A/NBP/2017,2017-02-22,0.527,-0.09
36/A/NBP/2017,2017-02-21,0.5275,0.61
35/A/NBP/2017,2017-02-20,0.5243,0
34/A/NBP/2017,2017-02-17,0.5243,0.31
33/A/NBP/2017,2017-02-16,0.5227,-0.46
32/A/NBP/2017,2017-02-15,0.5251,0.56
31/A/NBP/2017,2017-02-14,0.5222,0.06
30/A/NBP/2017,2017-02-13,0.5219,0.13
29/A/NBP/2017,2017-02-10,0.5212,0.25
28/A/NBP/2017,2017-02-09,0.5199,-0.44
27/A/NBP/2017,2017-02-08,0.5222,0.56
26/A/NBP/2017,2017-02-07,0.5193,0.99
25/A/NBP/2017,2017-02-06,0.5142,-0.29
24/A/NBP/2017,2017-02-03,0.5157,0.45
23/A/NBP/2017,2017-02-02,0.5134,-0.6
22/A/NBP/2017,2017-02-01,0.5165,-0.92
21/A/NBP/2017,2017-01-31,0.5213,-0.08
20/A/NBP/2017,2017-01-30,0.5217,-0.29
19/A/NBP/2017,2017-01-27,0.5232,0
18/A/NBP/2017,2017-01-26,0.5232,0
17/A/NBP/2017,2017-01-25,0.5232,-0.3
16/A/NBP/2017,2017-01-24,0.5248,-0.11
15/A/NBP/2017,2017-01-23,0.5254,-0.61
14/A/NBP/2017,2017-01-20,0.5286,-0.06
13/A/NBP/2017,2017-01-19,0.5289,0.4
12/A/NBP/2017,2017-01-18,0.5268,-0.34
11/A/NBP/2017,2017-01-17,0.5286,-0.86
10/A/NBP/2017,2017-01-16,0.5332,0.64
9/A/NBP/2017,2017-01-13,0.5298,-0.02
8/A/NBP/2017,2017-01-12,0.5299,-0.9
7/A/NBP/2017,2017-01-11,0.5347,0.47
6/A/NBP/2017,2017-01-10,0.5322,-0.78
5/A/NBP/2017,2017-01-09,0.5364,-0.17
4/A/NBP/2017,2017-01-05,0.5373,-0.87
3/A/NBP/2017,2017-01-04,0.542,-0.61
2/A/NBP/2017,2017-01-03,0.5453,0.46
1/A/NBP/2017,2017-01-02,0.5428,0.76
252/A/NBP/2016,2016-12-30,0.5387,-0.88
251/A/NBP/2016,2016-12-29,0.5435,-0.26
250/A/NBP/2016,2016-12-28,0.5449,0.37
249/A/NBP/2016,2016-12-27,0.5429,-0.17
248/A/NBP/2016,2016-12-23,0.5438,0
247/A/NBP/2016,2016-12-22,0.5438,-0.68
246/A/NBP/2016,2016-12-21,0.5475,0.05
245/A/NBP/2016,2016-12-20,0.5472,0.57
244/A/NBP/2016,2016-12-19,0.5441,-0.15
243/A/NBP/2016,2016-12-16,0.5449,-0.11
242/A/NBP/2016,2016-12-15,0.5455,1.28
241/A/NBP/2016,2016-12-14,0.5386,-0.3
240/A/NBP/2016,2016-12-13,0.5402,-0.41
239/A/NBP/2016,2016-12-12,0.5424,0.74
238/A/NBP/2016,2016-12-09,0.5384,1.58
237/A/NBP/2016,2016-12-08,0.53,-0.38
236/A/NBP/2016,2016-12-07,0.532,-1.35
235/A/NBP/2016,2016-12-06,0.5393,-0.94
234/A/NBP/2016,2016-12-05,0.5444,0.17
233/A/NBP/2016,2016-12-02,0.5435,0.42
232/A/NBP/2016,2016-12-01,0.5412,0.59
231/A/NBP/2016,2016-11-30,0.538,-0.24
230/A/NBP/2016,2016-11-29,0.5393,0.73
229/A/NBP/2016,2016-11-28,0.5354,-0.22
228/A/NBP/2016,2016-11-25,0.5366,-0.63
227/A/NBP/2016,2016-11-24,0.54,0.71
226/A/NBP/2016,2016-11-23,0.5362,0.17
225/A/NBP/2016,2016-11-22,0.5353,-0.56
224/A/NBP/2016,2016-11-21,0.5383,-0.52
223/A/NBP/2016,2016-11-18,0.5411,1.41
222/A/NBP/2016,2016-11-17,0.5336,0.02
221/A/NBP/2016,2016-11-16,0.5335,1.33
220/A/NBP/2016,2016-11-15,0.5265,0.11
219/A/NBP/2016,2016-11-14,0.5259,2.32
218/A/NBP/2016,2016-11-10,0.514,1.38
217/A/NBP/2016,2016-11-09,0.507,0.38
216/A/NBP/2016,2016-11-08,0.5051,0.1
215/A/NBP/2016,2016-11-07,0.5046,0.7
214/A/NBP/2016,2016-11-04,0.5011,-0.28
213/A/NBP/2016,2016-11-03,0.5025,0.04
212/A/NBP/2016,2016-11-02,0.5023,-1.36
211/A/NBP/2016,2016-10-31,0.5092,-0.53
210/A/NBP/2016,2016-10-28,0.5119,-0.14
209/A/NBP/2016,2016-10-27,0.5126,0.59
208/A/NBP/2016,2016-10-26,0.5096,-0.04
207/A/NBP/2016,2016-10-25,0.5098,-0.35
206/A/NBP/2016,2016-10-24,0.5116,-0.25
205/A/NBP/2016,2016-10-21,0.5129,1.08
204/A/NBP/2016,2016-10-20,0.5074,0.2
203/A/NBP/2016,2016-10-19,0.5064,0.36
202/A/NBP/2016,2016-10-18,0.5046,-0.28
201/A/NBP/2016,2016-10-17,0.506,0.74
200/A/NBP/2016,2016-10-14,0.5023,-0.5
199/A/NBP/2016,2016-10-13,0.5048,0.8
198/A/NBP/2016,2016-10-12,0.5008,0.97
197/A/NBP/2016,2016-10-11,0.496,0.45
196/A/NBP/2016,2016-10-10,0.4938,-0.48
195/A/NBP/2016,2016-10-07,0.4962,0.24
194/A/NBP/2016,2016-10-06,0.495,0.22
193/A/NBP/2016,2016-10-05,0.4939,-0.44
192/A/NBP/2016,2016-10-04,0.4961,0.57
191/A/NBP/2016,2016-10-03,0.4933,-0.8
190/A/NBP/2016,2016-09-30,0.4973,0.55
189/A/NBP/2016,2016-09-29,0.4946,0.22
188/A/NBP/2016,2016-09-28,0.4935,0.1
187/A/NBP/2016,2016-09-27,0.493,-0.24
186/A/NBP/2016,2016-09-26,0.4942,0
185/A/NBP/2016,2016-09-23,0.4942,0.53
184/A/NBP/2016,2016-09-22,0.4916,-1.23
183/A/NBP/2016,2016-09-21,0.4977,0.4
182/A/NBP/2016,2016-09-20,0.4957,-0.32
181/A/NBP/2016,2016-09-19,0.4973,0.24
180/A/NBP/2016,2016-09-16,0.4961,-0.26
179/A/NBP/2016,2016-09-15,0.4974,-0.32
178/A/NBP/2016,2016-09-14,0.499,-0.08
177/A/NBP/2016,2016-09-13,0.4994,0.18
176/A/NBP/2016,2016-09-12,0.4985,0.73
175/A/NBP/2016,2016-09-09,0.4949,0.34
174/A/NBP/2016,2016-09-08,0.4932,-0.68
173/A/NBP/2016,2016-09-07,0.4966,-0.92
172/A/NBP/2016,2016-09-06,0.5012,-0.16
171/A/NBP/2016,2016-09-05,0.502,-0.59
170/A/NBP/2016,2016-09-02,0.505,0.16
169/A/NBP/2016,2016-09-01,0.5042,0.06
168/A/NBP/2016,2016-08-31,0.5039,0.6
167/A/NBP/2016,2016-08-30,0.5009,0.16
166/A/NBP/2016,2016-08-29,0.5001,1.19
165/A/NBP/2016,2016-08-26,0.4942,0.35
164/A/NBP/2016,2016-08-25,0.4925,0.04
163/A/NBP/2016,2016-08-24,0.4923,0.26
162/A/NBP/2016,2016-08-23,0.491,-0.06
161/A/NBP/2016,2016-08-22,0.4913,0.53
160/A/NBP/2016,2016-08-19,0.4887,0.18
159/A/NBP/2016,2016-08-18,0.4878,-0.65
158/A/NBP/2016,2016-08-17,0.491,0.41
157/A/NBP/2016,2016-08-16,0.489,-0.73
156/A/NBP/2016,2016-08-12,0.4926,-0.24
155/A/NBP/2016,2016-08-11,0.4938,0.14
154/A/NBP/2016,2016-08-10,0.4931,-0.6
153/A/NBP/2016,2016-08-09,0.4961,-0.58
152/A/NBP/2016,2016-08-08,0.499,0.4
151/A/NBP/2016,2016-08-05,0.497,-0.12
150/A/NBP/2016,2016-08-04,0.4976,0.24
149/A/NBP/2016,2016-08-03,0.4964,-0.78
148/A/NBP/2016,2016-08-02,0.5003,-0.58
147/A/NBP/2016,2016-08-01,0.5032,-0.83
146/A/NBP/2016,2016-07-29,0.5074,-0.1
145/A/NBP/2016,2016-07-28,0.5079,-0.88
144/A/NBP/2016,2016-07-27,0.5124,0.18
143/A/NBP/2016,2016-07-26,0.5115,-0.06
142/A/NBP/2016,2016-07-25,0.5118,0.49
141/A/NBP/2016,2016-07-22,0.5093,-0.45
140/A/NBP/2016,2016-07-21,0.5116,-0.29
139/A/NBP/2016,2016-07-20,0.5131,0.51
138/A/NBP/2016,2016-07-19,0.5105,-0.64
137/A/NBP/2016,2016-07-18,0.5138,0.59
136/A/NBP/2016,2016-07-15,0.5108,-0.16
135/A/NBP/2016,2016-07-14,0.5116,-0.29
134/A/NBP/2016,2016-07-13,0.5131,0.02
133/A/NBP/2016,2016-07-12,0.513,-0.66
132/A/NBP/2016,2016-07-11,0.5164,0.16
131/A/NBP/2016,2016-07-08,0.5156,-0.12
130/A/NBP/2016,2016-07-07,0.5162,-0.44
129/A/NBP/2016,2016-07-06,0.5185,0.64
128/A/NBP/2016,2016-07-05,0.5152,0.21
127/A/NBP/2016,2016-07-04,0.5141,0.84
126/A/NBP/2016,2016-07-01,0.5098,-0.6
125/A/NBP/2016,2016-06-30,0.5129,-0.25
124/A/NBP/2016,2016-06-29,0.5142,-0.33
123/A/NBP/2016,2016-06-28,0.5159,-0.58
122/A/NBP/2016,2016-06-27,0.5189,0.68
121/A/NBP/2016,2016-06-24,0.5154,3.6
120/A/NBP/2016,2016-06-23,0.4975,-0.9
119/A/NBP/2016,2016-06-22,0.502,0.52
118/A/NBP/2016,2016-06-21,0.4994,0.06
117/A/NBP/2016,2016-06-20,0.4991,-1.73
116/A/NBP/2016,2016-06-17,0.5079,-0.16
115/A/NBP/2016,2016-06-16,0.5087,0.32
114/A/NBP/2016,2016-06-15,0.5071,-0.33
113/A/NBP/2016,2016-06-14,0.5088,1.42
112/A/NBP/2016,2016-06-13,0.5017,1.03
111/A/NBP/2016,2016-06-10,0.4966,1.08
110/A/NBP/2016,2016-06-09,0.4913,0
109/A/NBP/2016,2016-06-08,0.4913,-0.37
108/A/NBP/2016,2016-06-07,0.4931,-0.74
107/A/NBP/2016,2016-06-06,0.4968,-1.99
106/A/NBP/2016,2016-06-03,0.5069,0.48
105/A/NBP/2016,2016-06-02,0.5045,-0.39
104/A/NBP/2016,2016-06-01,0.5065,-0.04
103/A/NBP/2016,2016-05-31,0.5067,-0.28
102/A/NBP/2016,2016-05-30,0.5081,0.1
101/A/NBP/2016,2016-05-27,0.5076,-0.67
100/A/NBP/2016,2016-05-25,0.511,-0.23
99/A/NBP/2016,2016-05-24,0.5122,0.71
98/A/NBP/2016,2016-05-23,0.5086,0.36
97/A/NBP/2016,2016-05-20,0.5068,0.5
96/A/NBP/2016,2016-05-19,0.5043,0.36
95/A/NBP/2016,2016-05-18,0.5025,1.29
94/A/NBP/2016,2016-05-17,0.4961,-0.28
93/A/NBP/2016,2016-05-16,0.4975,-0.42
92/A/NBP/2016,2016-05-13,0.4996,-0.1
91/A/NBP/2016,2016-05-12,0.5001,-0.08
90/A/NBP/2016,2016-05-11,0.5005,0
89/A/NBP/2016,2016-05-10,0.5005,0.3
88/A/NBP/2016,2016-05-09,0.499,0
87/A/NBP/2016,2016-05-06,0.499,0.67
86/A/NBP/2016,2016-05-05,0.4957,0.45
85/A/NBP/2016,2016-05-04,0.4935,0.24
84/A/NBP/2016,2016-05-02,0.4923,-1.4
83/A/NBP/2016,2016-04-29,0.4993,0.12
82/A/NBP/2016,2016-04-28,0.4987,-0.3
81/A/NBP/2016,2016-04-27,0.5002,-0.38
80/A/NBP/2016,2016-04-26,0.5021,-0.04
79/A/NBP/2016,2016-04-25,0.5023,1.47
78/A/NBP/2016,2016-04-22,0.495,1.12
77/A/NBP/2016,2016-04-21,0.4895,0.35
76/A/NBP/2016,2016-04-20,0.4878,-0.22
75/A/NBP/2016,2016-04-19,0.4889,-0.27
74/A/NBP/2016,2016-04-18,0.4902,-0.41
73/A/NBP/2016,2016-04-15,0.4922,0.04
72/A/NBP/2016,2016-04-14,0.492,1.03
71/A/NBP/2016,2016-04-13,0.487,0.72
70/A/NBP/2016,2016-04-12,0.4835,-0.21
69/A/NBP/2016,2016-04-11,0.4845,-0.31
68/A/NBP/2016,2016-04-08,0.486,0.77
67/A/NBP/2016,2016-04-07,0.4823,-0.27
66/A/NBP/2016,2016-04-06,0.4836,0.44
65/A/NBP/2016,2016-04-05,0.4815,0.23
64/A/NBP/2016,2016-04-04,0.4804,0.17
63/A/NBP/2016,2016-04-01,0.4796,-1.05
62/A/NBP/2016,2016-03-31,0.4847,0.23
61/A/NBP/2016,2016-03-30,0.4836,-1.39
60/A/NBP/2016,2016-03-29,0.4904,-0.35
59/A/NBP/2016,2016-03-25,0.4921,-0.14
58/A/NBP/2016,2016-03-24,0.4928,0.55
57/A/NBP/2016,2016-03-23,0.4901,0
56/A/NBP/2016,2016-03-22,0.4901,0.43
55/A/NBP/2016,2016-03-21,0.488,-0.08
54/A/NBP/2016,2016-03-18,0.4884,-0.43
53/A/NBP/2016,2016-03-17,0.4905,-1.76
52/A/NBP/2016,2016-03-16,0.4993,0.18
51/A/NBP/2016,2016-03-15,0.4984,0.48
50/A/NBP/2016,2016-03-14,0.496,-1.06
49/A/NBP/2016,2016-03-11,0.5013,-1.03
48/A/NBP/2016,2016-03-10,0.5065,-0.16
47/A/NBP/2016,2016-03-09,0.5073,0.18
46/A/NBP/2016,2016-03-08,0.5064,-0.45
45/A/NBP/2016,2016-03-07,0.5087,-0.06
44/A/NBP/2016,2016-03-04,0.509,-0.57
43/A/NBP/2016,2016-03-03,0.5119,-0.16
42/A/NBP/2016,2016-03-02,0.5127,-0.18
41/A/NBP/2016,2016-03-01,0.5136,-0.04
40/A/NBP/2016,2016-02-29,0.5138,0.92
39/A/NBP/2016,2016-02-26,0.5091,-0.37
38/A/NBP/2016,2016-02-25,0.511,-0.29
37/A/NBP/2016,2016-02-24,0.5125,0.35
36/A/NBP/2016,2016-02-23,0.5107,0.73
35/A/NBP/2016,2016-02-22,0.507,-0.31
34/A/NBP/2016,2016-02-19,0.5086,0.36
33/A/NBP/2016,2016-02-18,0.5068,0.08
32/A/NBP/2016,2016-02-17,0.5064,0.1
31/A/NBP/2016,2016-02-16,0.5059,0.4
30/A/NBP/2016,2016-02-15,0.5039,0.5
29/A/NBP/2016,2016-02-12,0.5014,-0.42
28/A/NBP/2016,2016-02-11,0.5035,-0.36
27/A/NBP/2016,2016-02-10,0.5053,-0.96
26/A/NBP/2016,2016-02-09,0.5102,0.51
25/A/NBP/2016,2016-02-08,0.5076,0.3
24/A/NBP/2016,2016-02-05,0.5061,-0.22
23/A/NBP/2016,2016-02-04,0.5072,-1.97
22/A/NBP/2016,2016-02-03,0.5174,-0.15
21/A/NBP/2016,2016-02-02,0.5182,-0.71
20/A/NBP/2016,2016-02-01,0.5219,-0.19
19/A/NBP/2016,2016-01-29,0.5229,-0.32
18/A/NBP/2016,2016-01-28,0.5246,-0.64
17/A/NBP/2016,2016-01-27,0.528,-0.77
16/A/NBP/2016,2016-01-26,0.5321,0.32
15/A/NBP/2016,2016-01-25,0.5304,0.76
14/A/NBP/2016,2016-01-22,0.5264,-0.42
13/A/NBP/2016,2016-01-21,0.5286,1.13
12/A/NBP/2016,2016-01-20,0.5227,-0.27
11/A/NBP/2016,2016-01-19,0.5241,-0.66
10/A/NBP/2016,2016-01-18,0.5276,1.7
9/A/NBP/2016,2016-01-15,0.5188,0.87
8/A/NBP/2016,2016-01-14,0.5143,-0.39
7/A/NBP/2016,2016-01-13,0.5163,-0.31
6/A/NBP/2016,2016-01-12,0.5179,0.23
5/A/NBP/2016,2016-01-11,0.5167,0.29
4/A/NBP/2016,2016-01-08,0.5152,-0.35
3/A/NBP/2016,2016-01-07,0.517,0
2/A/NBP/2016,2016-01-05,0.517,2.01
1/A/NBP/2016,2016-01-04,0.5068,0.7
254/A/NBP/2015,2015-12-31,0.5033,0.5
253/A/NBP/2015,2015-12-30,0.5008,0.4
252/A/NBP/2015,2015-12-29,0.4988,0
251/A/NBP/2015,2015-12-28,0.4988,-0.1
250/A/NBP/2015,2015-12-24,0.4993,-0.46
249/A/NBP/2015,2015-12-23,0.5016,0.26
248/A/NBP/2015,2015-12-22,0.5003,-1.05
247/A/NBP/2015,2015-12-21,0.5056,-0.92
246/A/NBP/2015,2015-12-18,0.5103,-0.23
245/A/NBP/2015,2015-12-17,0.5115,-0.02
244/A/NBP/2015,2015-12-16,0.5116,0.31
243/A/NBP/2015,2015-12-15,0.51,-0.43
242/A/NBP/2015,2015-12-14,0.5122,-0.06
241/A/NBP/2015,2015-12-11,0.5125,0.29
240/A/NBP/2015,2015-12-10,0.511,-0.25
239/A/NBP/2015,2015-12-09,0.5123,-0.45
238/A/NBP/2015,2015-12-08,0.5146,0.06
237/A/NBP/2015,2015-12-07,0.5143,0.63
236/A/NBP/2015,2015-12-04,0.5111,-1.94
235/A/NBP/2015,2015-12-03,0.5212,0.21
234/A/NBP/2015,2015-12-02,0.5201,0.17
233/A/NBP/2015,2015-12-01,0.5192,-0.15
232/A/NBP/2015,2015-11-30,0.52,-0.08
231/A/NBP/2015,2015-11-27,0.5204,0.08
230/A/NBP/2015,2015-11-26,0.52,0.21
229/A/NBP/2015,2015-11-25,0.5189,0.48
228/A/NBP/2015,2015-11-24,0.5164,0.37
227/A/NBP/2015,2015-11-23,0.5145,0.41
226/A/NBP/2015,2015-11-20,0.5124,-0.1
225/A/NBP/2015,2015-11-19,0.5129,-0.12
224/A/NBP/2015,2015-11-18,0.5135,0.06
223/A/NBP/2015,2015-11-17,0.5132,0.47
222/A/NBP/2015,2015-11-16,0.5108,0.51
221/A/NBP/2015,2015-11-13,0.5082,-0.12
220/A/NBP/2015,2015-11-12,0.5088,-0.33
219/A/NBP/2015,2015-11-10,0.5105,-0.08
218/A/NBP/2015,2015-11-09,0.5109,1.35
217/A/NBP/2015,2015-11-06,0.5041,0.36
216/A/NBP/2015,2015-11-05,0.5023,0.12
215/A/NBP/2015,2015-11-04,0.5017,0.52
214/A/NBP/2015,2015-11-03,0.4991,0.18
213/A/NBP/2015,2015-11-02,0.4982,-0.36
212/A/NBP/2015,2015-10-30,0.5,-0.6
211/A/NBP/2015,2015-10-29,0.503,0.38
210/A/NBP/2015,2015-10-28,0.5011,0.42
209/A/NBP/2015,2015-10-27,0.499,0.06
208/A/NBP/2015,2015-10-26,0.4987,1.16
207/A/NBP/2015,2015-10-23,0.493,1.07
206/A/NBP/2015,2015-10-22,0.4878,0.47
205/A/NBP/2015,2015-10-21,0.4855,0.64
204/A/NBP/2015,2015-10-20,0.4824,0.31
203/A/NBP/2015,2015-10-19,0.4809,0.06
202/A/NBP/2015,2015-10-16,0.4806,0.78
201/A/NBP/2015,2015-10-15,0.4769,-0.48
200/A/NBP/2015,2015-10-14,0.4792,-0.17
199/A/NBP/2015,2015-10-13,0.48,0.15
198/A/NBP/2015,2015-10-12,0.4793,-0.25
197/A/NBP/2015,2015-10-09,0.4805,-0.83
196/A/NBP/2015,2015-10-08,0.4845,-0.14
195/A/NBP/2015,2015-10-07,0.4852,-0.74
194/A/NBP/2015,2015-10-06,0.4888,0.41
193/A/NBP/2015,2015-10-05,0.4868,-0.77
192/A/NBP/2015,2015-10-02,0.4906,0.02
191/A/NBP/2015,2015-10-01,0.4905,0.7
190/A/NBP/2015,2015-09-30,0.4871,-0.1
189/A/NBP/2015,2015-09-29,0.4876,-0.2
188/A/NBP/2015,2015-09-28,0.4886,0.16
187/A/NBP/2015,2015-09-25,0.4878,0.33
186/A/NBP/2015,2015-09-24,0.4862,-0.31
185/A/NBP/2015,2015-09-23,0.4877,0.93
184/A/NBP/2015,2015-09-22,0.4832,0.98
183/A/NBP/2015,2015-09-21,0.4785,0.95
182/A/NBP/2015,2015-09-18,0.474,-1.04
181/A/NBP/2015,2015-09-17,0.479,-0.52
180/A/NBP/2015,2015-09-16,0.4815,0.21
179/A/NBP/2015,2015-09-15,0.4805,0.31
178/A/NBP/2015,2015-09-14,0.479,-0.4
177/A/NBP/2015,2015-09-11,0.4809,-0.99
176/A/NBP/2015,2015-09-10,0.4857,0.02
175/A/NBP/2015,2015-09-09,0.4856,-0.63
174/A/NBP/2015,2015-09-08,0.4887,-0.14
173/A/NBP/2015,2015-09-07,0.4894,-0.08
172/A/NBP/2015,2015-09-04,0.4898,0.84
171/A/NBP/2015,2015-09-03,0.4857,0.06
170/A/NBP/2015,2015-09-02,0.4854,0.29
169/A/NBP/2015,2015-09-01,0.484,-0.74
168/A/NBP/2015,2015-08-31,0.4876,0.79
167/A/NBP/2015,2015-08-28,0.4838,0.1
166/A/NBP/2015,2015-08-27,0.4833,1.38
165/A/NBP/2015,2015-08-26,0.4767,0.91
164/A/NBP/2015,2015-08-25,0.4724,-0.88
163/A/NBP/2015,2015-08-24,0.4766,-1
162/A/NBP/2015,2015-08-21,0.4814,-0.86
161/A/NBP/2015,2015-08-20,0.4856,-0.18
160/A/NBP/2015,2015-08-19,0.4865,0.41
159/A/NBP/2015,2015-08-18,0.4845,-0.12
158/A/NBP/2015,2015-08-17,0.4851,0.19
157/A/NBP/2015,2015-08-14,0.4842,-0.21
156/A/NBP/2015,2015-08-13,0.4852,-0.49
155/A/NBP/2015,2015-08-12,0.4876,-0.69
154/A/NBP/2015,2015-08-11,0.491,-0.47
153/A/NBP/2015,2015-08-10,0.4933,-0.22
152/A/NBP/2015,2015-08-07,0.4944,-0.16
151/A/NBP/2015,2015-08-06,0.4952,0.08
150/A/NBP/2015,2015-08-05,0.4948,1.5
149/A/NBP/2015,2015-08-04,0.4875,0.25
148/A/NBP/2015,2015-08-03,0.4863,-0.59
147/A/NBP/2015,2015-07-31,0.4892,0.41
146/A/NBP/2015,2015-07-30,0.4872,0.79
145/A/NBP/2015,2015-07-29,0.4834,0.44
144/A/NBP/2015,2015-07-28,0.4813,-0.41
143/A/NBP/2015,2015-07-27,0.4833,-0.51
142/A/NBP/2015,2015-07-24,0.4858,0.23
141/A/NBP/2015,2015-07-23,0.4847,-0.19
140/A/NBP/2015,2015-07-22,0.4856,-0.61
139/A/NBP/2015,2015-07-21,0.4886,0.02
138/A/NBP/2015,2015-07-20,0.4885,0.51
137/A/NBP/2015,2015-07-17,0.486,-0.06
136/A/NBP/2015,2015-07-16,0.4863,0.6
135/A/NBP/2015,2015-07-15,0.4834,-0.53
134/A/NBP/2015,2015-07-14,0.486,0.33
133/A/NBP/2015,2015-07-13,0.4844,-0.41
132/A/NBP/2015,2015-07-10,0.4864,-1.5
131/A/NBP/2015,2015-07-09,0.4938,0.18
130/A/NBP/2015,2015-07-08,0.4929,-0.26
129/A/NBP/2015,2015-07-07,0.4942,0.94
128/A/NBP/2015,2015-07-06,0.4896,0.62
127/A/NBP/2015,2015-07-03,0.4866,-0.37
126/A/NBP/2015,2015-07-02,0.4884,0.66
125/A/NBP/2015,2015-07-01,0.4852,-0.08
124/A/NBP/2015,2015-06-30,0.4856,-0.08
123/A/NBP/2015,2015-06-29,0.486,1.08
122/A/NBP/2015,2015-06-26,0.4808,-0.1
121/A/NBP/2015,2015-06-25,0.4813,0.54
120/A/NBP/2015,2015-06-24,0.4787,0.17
119/A/NBP/2015,2015-06-23,0.4779,0.7
118/A/NBP/2015,2015-06-22,0.4746,-0.23
117/A/NBP/2015,2015-06-19,0.4757,0.89
116/A/NBP/2015,2015-06-18,0.4715,-0.88
115/A/NBP/2015,2015-06-17,0.4757,-0.17
114/A/NBP/2015,2015-06-16,0.4765,0.08
113/A/NBP/2015,2015-06-15,0.4761,-0.5
112/A/NBP/2015,2015-06-12,0.4785,0.76
111/A/NBP/2015,2015-06-11,0.4749,0.17
110/A/NBP/2015,2015-06-10,0.4741,-0.59
109/A/NBP/2015,2015-06-09,0.4769,-1.08
108/A/NBP/2015,2015-06-08,0.4821,1.18
107/A/NBP/2015,2015-06-05,0.4765,-0.44
106/A/NBP/2015,2015-06-03,0.4786,-1.46
105/A/NBP/2015,2015-06-02,0.4857,-0.51
104/A/NBP/2015,2015-06-01,0.4882,0.41
103/A/NBP/2015,2015-05-29,0.4862,-0.43
102/A/NBP/2015,2015-05-28,0.4883,-0.16
101/A/NBP/2015,2015-05-27,0.4891,0.04
100/A/NBP/2015,2015-05-26,0.4889,1.05
99/A/NBP/2015,2015-05-25,0.4838,2.22
98/A/NBP/2015,2015-05-22,0.4733,0.23
97/A/NBP/2015,2015-05-21,0.4722,0.15
96/A/NBP/2015,2015-05-20,0.4715,1.12
95/A/NBP/2015,2015-05-19,0.4663,1.7
94/A/NBP/2015,2015-05-18,0.4585,-0.5
93/A/NBP/2015,2015-05-15,0.4608,-0.52
92/A/NBP/2015,2015-05-14,0.4632,-1.09
91/A/NBP/2015,2015-05-13,0.4683,-0.4
90/A/NBP/2015,2015-05-12,0.4702,-0.13
89/A/NBP/2015,2015-05-11,0.4708,1.12
88/A/NBP/2015,2015-05-08,0.4656,0.78
87/A/NBP/2015,2015-05-07,0.462,-0.84
86/A/NBP/2015,2015-05-06,0.4659,-0.24
85/A/NBP/2015,2015-05-05,0.467,-0.32
84/A/NBP/2015,2015-05-04,0.4685,0.9
83/A/NBP/2015,2015-04-30,0.4643,-1.13
82/A/NBP/2015,2015-04-29,0.4696,-0.97
81/A/NBP/2015,2015-04-28,0.4742,-0.98
80/A/NBP/2015,2015-04-27,0.4789,0.59
79/A/NBP/2015,2015-04-24,0.4761,-1.22
78/A/NBP/2015,2015-04-23,0.482,0.61
77/A/NBP/2015,2015-04-22,0.4791,-0.37
76/A/NBP/2015,2015-04-21,0.4809,-0.08
75/A/NBP/2015,2015-04-20,0.4813,0.1
74/A/NBP/2015,2015-04-17,0.4808,-1.29
73/A/NBP/2015,2015-04-16,0.4871,-0.33
72/A/NBP/2015,2015-04-15,0.4887,-0.33
71/A/NBP/2015,2015-04-14,0.4903,-0.22
70/A/NBP/2015,2015-04-13,0.4914,0.49
69/A/NBP/2015,2015-04-10,0.489,1.31
68/A/NBP/2015,2015-04-09,0.4827,0.75
67/A/NBP/2015,2015-04-08,0.4791,-0.77
66/A/NBP/2015,2015-04-07,0.4828,-0.06
65/A/NBP/2015,2015-04-03,0.4831,-0.23
64/A/NBP/2015,2015-04-02,0.4842,-0.9
63/A/NBP/2015,2015-04-01,0.4886,-0.63
62/A/NBP/2015,2015-03-31,0.4917,1.15
61/A/NBP/2015,2015-03-30,0.4861,-0.51
60/A/NBP/2015,2015-03-27,0.4886,2.26
59/A/NBP/2015,2015-03-26,0.4778,-0.83
58/A/NBP/2015,2015-03-25,0.4818,-0.25
57/A/NBP/2015,2015-03-24,0.483,-1.89
56/A/NBP/2015,2015-03-23,0.4923,-1.16
55/A/NBP/2015,2015-03-20,0.4981,0.2
54/A/NBP/2015,2015-03-19,0.4971,-1.29
53/A/NBP/2015,2015-03-18,0.5036,0
