Tabela,Data,Kurs,Zmiana
55/A/NBP/2019,2019-03-19,3.7828,-0.03
54/A/NBP/2019,2019-03-18,3.7838,-0.07
53/A/NBP/2019,2019-03-15,3.7863,0.02
52/A/NBP/2019,2019-03-14,3.7854,0.01
51/A/NBP/2019,2019-03-13,3.7852,0.1
50/A/NBP/2019,2019-03-12,3.7813,-0.23
49/A/NBP/2019,2019-03-11,3.7902,-0.34
48/A/NBP/2019,2019-03-08,3.8031,0.43
47/A/NBP/2019,2019-03-07,3.7867,0.06
46/A/NBP/2019,2019-03-06,3.7845,-0.25
45/A/NBP/2019,2019-03-05,3.794,0.22
44/A/NBP/2019,2019-03-04,3.7856,-0.13
43/A/NBP/2019,2019-03-01,3.7907,-0.28
42/A/NBP/2019,2019-02-28,3.8013,0.03
41/A/NBP/2019,2019-02-27,3.8003,-0.37
40/A/NBP/2019,2019-02-26,3.8145,-0.32
39/A/NBP/2019,2019-02-25,3.8267,0.11
38/A/NBP/2019,2019-02-22,3.8225,0.14
37/A/NBP/2019,2019-02-21,3.8171,-0.05
36/A/NBP/2019,2019-02-20,3.819,0.13
35/A/NBP/2019,2019-02-19,3.8141,-0.02
34/A/NBP/2019,2019-02-18,3.815,0.18
33/A/NBP/2019,2019-02-15,3.8081,-0.26
32/A/NBP/2019,2019-02-14,3.8182,0.4
31/A/NBP/2019,2019-02-13,3.8031,-0.16
30/A/NBP/2019,2019-02-12,3.8093,0.03
29/A/NBP/2019,2019-02-11,3.8082,0.33
28/A/NBP/2019,2019-02-08,3.7956,0.38
27/A/NBP/2019,2019-02-07,3.7814,0.36
26/A/NBP/2019,2019-02-06,3.768,0.43
25/A/NBP/2019,2019-02-05,3.7519,0.02
24/A/NBP/2019,2019-02-04,3.7511,0.01
23/A/NBP/2019,2019-02-01,3.7509,-0.03
22/A/NBP/2019,2019-01-31,3.7521,-0.54
21/A/NBP/2019,2019-01-30,3.7725,-0.36
20/A/NBP/2019,2019-01-29,3.7861,-0.09
19/A/NBP/2019,2019-01-28,3.7896,-0.39
18/A/NBP/2019,2019-01-25,3.8044,-0.11
17/A/NBP/2019,2019-01-24,3.8084,0.71
16/A/NBP/2019,2019-01-23,3.7817,-0.06
15/A/NBP/2019,2019-01-22,3.7839,-0.01
14/A/NBP/2019,2019-01-21,3.7844,-0.19
13/A/NBP/2019,2019-01-18,3.7917,-0.01
12/A/NBP/2019,2019-01-17,3.7921,-0.38
11/A/NBP/2019,2019-01-16,3.8066,-0.12
10/A/NBP/2019,2019-01-15,3.8111,-0.01
9/A/NBP/2019,2019-01-14,3.8116,0.45
8/A/NBP/2019,2019-01-11,3.7945,-0.86
7/A/NBP/2019,2019-01-10,3.8273,-0.02
6/A/NBP/2019,2019-01-09,3.8282,-0.07
5/A/NBP/2019,2019-01-08,3.8307,0.16
4/A/NBP/2019,2019-01-07,3.8245,0.08
3/A/NBP/2019,2019-01-04,3.8213,-0.34
2/A/NBP/2019,2019-01-03,3.8343,0.26
1/A/NBP/2019,2019-01-02,3.8242,0.2
252/A/NBP/2018,2018-12-31,3.8166,0.13
251/A/NBP/2018,2018-12-28,3.8115,0.47
250/A/NBP/2018,2018-12-27,3.7938,0.43
249/A/NBP/2018,2018-12-24,3.7777,-0.37
248/A/NBP/2018,2018-12-21,3.7916,0.31
247/A/NBP/2018,2018-12-20,3.7797,-0.21
246/A/NBP/2018,2018-12-19,3.7875,-0.3
245/A/NBP/2018,2018-12-18,3.7989,-0.09
244/A/NBP/2018,2018-12-17,3.8025,-0.46
243/A/NBP/2018,2018-12-14,3.8202,0.44
242/A/NBP/2018,2018-12-13,3.8036,-0.41
241/A/NBP/2018,2018-12-12,3.8191,-0.2
240/A/NBP/2018,2018-12-11,3.8266,0.71
239/A/NBP/2018,2018-12-10,3.7996,0.19
238/A/NBP/2018,2018-12-07,3.7924,-0.08
237/A/NBP/2018,2018-12-06,3.7955,0.15
236/A/NBP/2018,2018-12-05,3.7899,0.35
235/A/NBP/2018,2018-12-04,3.7765,-0.01
234/A/NBP/2018,2018-12-03,3.7768,-0.28
233/A/NBP/2018,2018-11-30,3.7873,-0.23
232/A/NBP/2018,2018-11-29,3.796,-0.46
231/A/NBP/2018,2018-11-28,3.8137,0.49
230/A/NBP/2018,2018-11-27,3.795,0.31
229/A/NBP/2018,2018-11-26,3.7831,-0.31
228/A/NBP/2018,2018-11-23,3.7949,-0.13
227/A/NBP/2018,2018-11-22,3.8,-0.08
226/A/NBP/2018,2018-11-21,3.8029,-0.37
225/A/NBP/2018,2018-11-20,3.8171,0.59
224/A/NBP/2018,2018-11-19,3.7947,0.9
223/A/NBP/2018,2018-11-16,3.7608,-0.54
222/A/NBP/2018,2018-11-15,3.7814,0.18
221/A/NBP/2018,2018-11-14,3.7747,-0.3
220/A/NBP/2018,2018-11-13,3.7862,0.14
219/A/NBP/2018,2018-11-12,3.7809,0.73
218/A/NBP/2018,2018-11-09,3.7535,0.08
217/A/NBP/2018,2018-11-08,3.7504,-0.05
216/A/NBP/2018,2018-11-07,3.7522,-0.27
215/A/NBP/2018,2018-11-06,3.7624,-0.26
214/A/NBP/2018,2018-11-05,3.7722,-0.27
213/A/NBP/2018,2018-11-02,3.7825,-0.41
212/A/NBP/2018,2018-10-31,3.7982,0.01
211/A/NBP/2018,2018-10-30,3.7977,0.14
210/A/NBP/2018,2018-10-29,3.7925,0.1
209/A/NBP/2018,2018-10-26,3.7887,0.03
208/A/NBP/2018,2018-10-25,3.7875,0.19
207/A/NBP/2018,2018-10-24,3.7802,0.36
206/A/NBP/2018,2018-10-23,3.7667,0.75
205/A/NBP/2018,2018-10-22,3.7387,-0.95
204/A/NBP/2018,2018-10-19,3.7746,0.54
203/A/NBP/2018,2018-10-18,3.7543,0.23
202/A/NBP/2018,2018-10-17,3.7456,-0.13
201/A/NBP/2018,2018-10-16,3.7505,0.01
200/A/NBP/2018,2018-10-15,3.7502,0.02
199/A/NBP/2018,2018-10-12,3.7494,-0.86
198/A/NBP/2018,2018-10-11,3.7818,0.13
197/A/NBP/2018,2018-10-10,3.777,-0.24
196/A/NBP/2018,2018-10-09,3.7861,-0.02
195/A/NBP/2018,2018-10-08,3.7869,0.34
194/A/NBP/2018,2018-10-05,3.7741,-0.2
193/A/NBP/2018,2018-10-04,3.7816,0.44
192/A/NBP/2018,2018-10-03,3.765,-0.82
191/A/NBP/2018,2018-10-02,3.7962,1.36
190/A/NBP/2018,2018-10-01,3.7452,-0.49
189/A/NBP/2018,2018-09-28,3.7638,-0.16
188/A/NBP/2018,2018-09-27,3.7697,-0.1
187/A/NBP/2018,2018-09-26,3.7735,-0.1
186/A/NBP/2018,2018-09-25,3.7773,-1.06
185/A/NBP/2018,2018-09-24,3.8177,0.22
184/A/NBP/2018,2018-09-21,3.8095,0.29
183/A/NBP/2018,2018-09-20,3.7985,-0.05
182/A/NBP/2018,2018-09-19,3.8005,-0.84
181/A/NBP/2018,2018-09-18,3.8327,0.34
180/A/NBP/2018,2018-09-17,3.8199,0.06
179/A/NBP/2018,2018-09-14,3.8178,-0.22
178/A/NBP/2018,2018-09-13,3.8264,0.26
177/A/NBP/2018,2018-09-12,3.8166,0.25
176/A/NBP/2018,2018-09-11,3.8069,-0.82
175/A/NBP/2018,2018-09-10,3.8384,0.13
174/A/NBP/2018,2018-09-07,3.8335,0.07
173/A/NBP/2018,2018-09-06,3.8309,0.02
172/A/NBP/2018,2018-09-05,3.8301,0.04
171/A/NBP/2018,2018-09-04,3.8287,0.46
170/A/NBP/2018,2018-09-03,3.8112,0.21
169/A/NBP/2018,2018-08-31,3.8033,0.43
168/A/NBP/2018,2018-08-30,3.7871,0.69
167/A/NBP/2018,2018-08-29,3.7613,0.56
166/A/NBP/2018,2018-08-28,3.7404,-0.09
165/A/NBP/2018,2018-08-27,3.7437,-0.42
164/A/NBP/2018,2018-08-24,3.7596,-0.31
163/A/NBP/2018,2018-08-23,3.7714,0.02
162/A/NBP/2018,2018-08-22,3.7705,-0.39
161/A/NBP/2018,2018-08-21,3.7853,0.04
160/A/NBP/2018,2018-08-20,3.7838,-0.23
159/A/NBP/2018,2018-08-17,3.7926,-0.54
158/A/NBP/2018,2018-08-16,3.8131,0.27
157/A/NBP/2018,2018-08-14,3.8027,-0.07
156/A/NBP/2018,2018-08-13,3.8054,0.95
155/A/NBP/2018,2018-08-10,3.7697,1.7
154/A/NBP/2018,2018-08-09,3.7068,0.43
153/A/NBP/2018,2018-08-08,3.6908,0.03
152/A/NBP/2018,2018-08-07,3.6896,-0.52
151/A/NBP/2018,2018-08-06,3.7088,-0.08
150/A/NBP/2018,2018-08-03,3.7118,0.35
149/A/NBP/2018,2018-08-02,3.6988,0.28
148/A/NBP/2018,2018-08-01,3.6884,-0.12
147/A/NBP/2018,2018-07-31,3.6928,-0.01
146/A/NBP/2018,2018-07-30,3.6932,-0.32
145/A/NBP/2018,2018-07-27,3.705,0.38
144/A/NBP/2018,2018-07-26,3.6909,-0.43
143/A/NBP/2018,2018-07-25,3.707,-0.43
142/A/NBP/2018,2018-07-24,3.723,-0.11
141/A/NBP/2018,2018-07-23,3.7271,0.19
140/A/NBP/2018,2018-07-20,3.7199,0.21
139/A/NBP/2018,2018-07-19,3.7121,0.49
138/A/NBP/2018,2018-07-18,3.6941,0.25
137/A/NBP/2018,2018-07-17,3.685,0.09
136/A/NBP/2018,2018-07-16,3.6816,-0.81
135/A/NBP/2018,2018-07-13,3.7118,-0.11
134/A/NBP/2018,2018-07-12,3.7159,-0.26
133/A/NBP/2018,2018-07-11,3.7255,0.07
132/A/NBP/2018,2018-07-10,3.723,-0.28
131/A/NBP/2018,2018-07-09,3.7334,-0.46
130/A/NBP/2018,2018-07-06,3.7507,-0.67
129/A/NBP/2018,2018-07-05,3.7759,-0.7
128/A/NBP/2018,2018-07-04,3.8027,0.14
127/A/NBP/2018,2018-07-03,3.7973,-0.12
126/A/NBP/2018,2018-07-02,3.8019,0.84
125/A/NBP/2018,2018-06-29,3.7702,-0.16
124/A/NBP/2018,2018-06-28,3.7764,0.25
123/A/NBP/2018,2018-06-27,3.7669,0.2
122/A/NBP/2018,2018-06-26,3.7595,0.07
121/A/NBP/2018,2018-06-25,3.7567,0.54
120/A/NBP/2018,2018-06-22,3.7367,-0.95
119/A/NBP/2018,2018-06-21,3.7726,0.68
118/A/NBP/2018,2018-06-20,3.747,0.02
117/A/NBP/2018,2018-06-19,3.7462,0.89
116/A/NBP/2018,2018-06-18,3.713,0.2
115/A/NBP/2018,2018-06-15,3.7056,0.74
114/A/NBP/2018,2018-06-14,3.6782,-0.25
113/A/NBP/2018,2018-06-13,3.6874,0.03
112/A/NBP/2018,2018-06-12,3.6862,0.28
111/A/NBP/2018,2018-06-11,3.676,-1.01
110/A/NBP/2018,2018-06-08,3.7136,1.14
109/A/NBP/2018,2018-06-07,3.6717,-0.77
108/A/NBP/2018,2018-06-06,3.7001,-0.23
107/A/NBP/2018,2018-06-05,3.7087,-0.35
106/A/NBP/2018,2018-06-04,3.7218,-0.6
105/A/NBP/2018,2018-06-01,3.7442,-0.36
104/A/NBP/2018,2018-05-30,3.7577,0.06
103/A/NBP/2018,2018-05-29,3.7554,1.1
102/A/NBP/2018,2018-05-28,3.7145,0.51
101/A/NBP/2018,2018-05-25,3.6956,0.18
100/A/NBP/2018,2018-05-24,3.689,-0.32
99/A/NBP/2018,2018-05-23,3.7007,1.71
98/A/NBP/2018,2018-05-22,3.6385,-0.7
97/A/NBP/2018,2018-05-21,3.6641,0.63
96/A/NBP/2018,2018-05-18,3.6413,0.51
95/A/NBP/2018,2018-05-17,3.6229,-0.14
94/A/NBP/2018,2018-05-16,3.6278,1.02
93/A/NBP/2018,2018-05-15,3.5912,0.89
92/A/NBP/2018,2018-05-14,3.5594,-0.14
91/A/NBP/2018,2018-05-11,3.5643,0.04
90/A/NBP/2018,2018-05-10,3.563,-0.99
89/A/NBP/2018,2018-05-09,3.5988,0.68
88/A/NBP/2018,2018-05-08,3.5744,0.66
87/A/NBP/2018,2018-05-07,3.5509,-0.78
86/A/NBP/2018,2018-05-04,3.5789,0.16
85/A/NBP/2018,2018-05-02,3.5731,1.4
84/A/NBP/2018,2018-04-30,3.5236,-0.2
83/A/NBP/2018,2018-04-27,3.5306,-0.26
82/A/NBP/2018,2018-04-26,3.5397,0.58
81/A/NBP/2018,2018-04-25,3.5193,0.1
80/A/NBP/2018,2018-04-24,3.5158,0.6
79/A/NBP/2018,2018-04-23,3.495,0.35
78/A/NBP/2018,2018-04-20,3.4827,0.14
77/A/NBP/2018,2018-04-19,3.4777,-0.08
76/A/NBP/2018,2018-04-18,3.4805,-0.33
75/A/NBP/2018,2018-04-17,3.4921,-0.38
74/A/NBP/2018,2018-04-16,3.5054,-0.45
73/A/NBP/2018,2018-04-13,3.5214,-0.25
72/A/NBP/2018,2018-04-12,3.5303,-0.1
71/A/NBP/2018,2018-04-11,3.534,-0.88
70/A/NBP/2018,2018-04-10,3.5653,0.1
69/A/NBP/2018,2018-04-09,3.5618,-0.01
68/A/NBP/2018,2018-04-06,3.562,-0.17
67/A/NBP/2018,2018-04-05,3.5681,-0.11
66/A/NBP/2018,2018-04-04,3.5719,-0.32
65/A/NBP/2018,2018-04-03,3.5832,0.06
64/A/NBP/2018,2018-03-30,3.5812,0.24
63/A/NBP/2018,2018-03-29,3.5728,-0.01
62/A/NBP/2018,2018-03-28,3.5731,-0.31
61/A/NBP/2018,2018-03-27,3.5843,-0.68
60/A/NBP/2018,2018-03-26,3.6089,-0.34
59/A/NBP/2018,2018-03-23,3.6211,0.22
58/A/NBP/2018,2018-03-22,3.6133,-0.2
57/A/NBP/2018,2018-03-21,3.6205,0.47
56/A/NBP/2018,2018-03-20,3.6035,0.07
55/A/NBP/2018,2018-03-19,3.6009,-0.05
54/A/NBP/2018,2018-03-16,3.6028,-0.12
53/A/NBP/2018,2018-03-15,3.6073,0.18
52/A/NBP/2018,2018-03-14,3.6009,-0.02
51/A/NBP/2018,2018-03-13,3.6016,0.42
50/A/NBP/2018,2018-03-12,3.5865,-0.16
49/A/NBP/2018,2018-03-09,3.5923,0.04
48/A/NBP/2018,2018-03-08,3.5907,-0.24
47/A/NBP/2018,2018-03-07,3.5992,-0.34
46/A/NBP/2018,2018-03-06,3.6114,-0.57
45/A/NBP/2018,2018-03-05,3.6321,-0.41
44/A/NBP/2018,2018-03-02,3.647,0.38
43/A/NBP/2018,2018-03-01,3.6333,0.18
42/A/NBP/2018,2018-02-28,3.6268,0.48
41/A/NBP/2018,2018-02-27,3.6093,-0.34
40/A/NBP/2018,2018-02-26,3.6217,-0.23
39/A/NBP/2018,2018-02-23,3.6302,0.14
38/A/NBP/2018,2018-02-22,3.6252,0.76
37/A/NBP/2018,2018-02-21,3.5978,0.03
36/A/NBP/2018,2018-02-20,3.5967,-0.13
35/A/NBP/2018,2018-02-19,3.6013,-0.1
34/A/NBP/2018,2018-02-16,3.6049,0.3
33/A/NBP/2018,2018-02-15,3.594,-0.47
32/A/NBP/2018,2018-02-14,3.611,-0.48
31/A/NBP/2018,2018-02-13,3.6283,-0.27
30/A/NBP/2018,2018-02-12,3.638,-0.35
29/A/NBP/2018,2018-02-09,3.6506,1.25
28/A/NBP/2018,2018-02-08,3.6056,0.42
27/A/NBP/2018,2018-02-07,3.5904,0.15
26/A/NBP/2018,2018-02-06,3.5852,-0.08
25/A/NBP/2018,2018-02-05,3.5882,-0.01
24/A/NBP/2018,2018-02-02,3.5886,0.22
23/A/NBP/2018,2018-02-01,3.5806,0.14
22/A/NBP/2018,2018-01-31,3.5755,-0.13
21/A/NBP/2018,2018-01-30,3.5802,0.5
20/A/NBP/2018,2018-01-29,3.5625,-0.05
19/A/NBP/2018,2018-01-26,3.5644,0.49
18/A/NBP/2018,2018-01-25,3.547,0.03
17/A/NBP/2018,2018-01-24,3.546,0.18
16/A/NBP/2018,2018-01-23,3.5396,-0.21
15/A/NBP/2018,2018-01-22,3.5472,-0.29
14/A/NBP/2018,2018-01-19,3.5576,0.3
13/A/NBP/2018,2018-01-18,3.5471,0.21
12/A/NBP/2018,2018-01-17,3.5398,-0.08
11/A/NBP/2018,2018-01-16,3.5428,0.27
10/A/NBP/2018,2018-01-15,3.5334,-0.09
9/A/NBP/2018,2018-01-12,3.5365,-0.89
8/A/NBP/2018,2018-01-11,3.5683,0.17
7/A/NBP/2018,2018-01-10,3.5623,0
6/A/NBP/2018,2018-01-09,3.5622,0.34
5/A/NBP/2018,2018-01-08,3.5502,0.58
4/A/NBP/2018,2018-01-05,3.5298,-0.03
3/A/NBP/2018,2018-01-04,3.5308,-0.8
2/A/NBP/2018,2018-01-03,3.5592,0.07
1/A/NBP/2018,2018-01-02,3.5567,-0.29
251/A/NBP/2017,2017-12-29,3.5672,-0.12
250/A/NBP/2017,2017-12-28,3.5716,0.18
249/A/NBP/2017,2017-12-27,3.5651,-0.32
248/A/NBP/2017,2017-12-22,3.5764,-0.19
247/A/NBP/2017,2017-12-21,3.5832,-0.26
246/A/NBP/2017,2017-12-20,3.5925,-0.58
245/A/NBP/2017,2017-12-19,3.6134,-0.01
244/A/NBP/2017,2017-12-18,3.6137,-0.25
243/A/NBP/2017,2017-12-15,3.6227,0.23
242/A/NBP/2017,2017-12-14,3.6144,-0.12
241/A/NBP/2017,2017-12-13,3.6186,0.28
240/A/NBP/2017,2017-12-12,3.6085,0.33
239/A/NBP/2017,2017-12-11,3.5965,0.11
238/A/NBP/2017,2017-12-08,3.5924,-0.29
237/A/NBP/2017,2017-12-07,3.6028,-0.12
236/A/NBP/2017,2017-12-06,3.6071,0.3
235/A/NBP/2017,2017-12-05,3.5963,-0.39
234/A/NBP/2017,2017-12-04,3.6105,0.43
233/A/NBP/2017,2017-12-01,3.595,-0.16
232/A/NBP/2017,2017-11-30,3.6008,0.1
231/A/NBP/2017,2017-11-29,3.5971,-0.09
230/A/NBP/2017,2017-11-28,3.6005,0.09
229/A/NBP/2017,2017-11-27,3.5972,-0.52
228/A/NBP/2017,2017-11-24,3.616,-0.23
227/A/NBP/2017,2017-11-23,3.6245,-0.04
226/A/NBP/2017,2017-11-22,3.626,-0.15
225/A/NBP/2017,2017-11-21,3.6313,0.01
224/A/NBP/2017,2017-11-20,3.6308,0.12
223/A/NBP/2017,2017-11-17,3.6266,0
222/A/NBP/2017,2017-11-16,3.6266,-0.32
221/A/NBP/2017,2017-11-15,3.6382,0.19
220/A/NBP/2017,2017-11-14,3.6313,-0.43
219/A/NBP/2017,2017-11-13,3.6468,-0.19
218/A/NBP/2017,2017-11-10,3.6539,0.31
217/A/NBP/2017,2017-11-09,3.6427,-0.55
216/A/NBP/2017,2017-11-08,3.6627,0.03
215/A/NBP/2017,2017-11-07,3.6617,0.26
214/A/NBP/2017,2017-11-06,3.6522,0.28
213/A/NBP/2017,2017-11-03,3.642,0.14
212/A/NBP/2017,2017-11-02,3.6368,-0.64
211/A/NBP/2017,2017-10-31,3.6603,0.24
210/A/NBP/2017,2017-10-30,3.6515,-0.16
209/A/NBP/2017,2017-10-27,3.6575,0.71
208/A/NBP/2017,2017-10-26,3.6318,0.07
207/A/NBP/2017,2017-10-25,3.6293,-0.84
204/A/NBP/2017,2017-10-20,3.6601,-0.26
203/A/NBP/2017,2017-10-19,3.6695,-0.1
202/A/NBP/2017,2017-10-18,3.6733,-0.17
201/A/NBP/2017,2017-10-17,3.6796,-0.32
200/A/NBP/2017,2017-10-16,3.6914,-0.04
199/A/NBP/2017,2017-10-13,3.6927,-0.11
198/A/NBP/2017,2017-10-12,3.6969,-0.47
197/A/NBP/2017,2017-10-11,3.7144,-0.43
196/A/NBP/2017,2017-10-10,3.7306,-0.63
195/A/NBP/2017,2017-10-09,3.7541,-0.07
194/A/NBP/2017,2017-10-06,3.7567,0.35
193/A/NBP/2017,2017-10-05,3.7435,-0.39
192/A/NBP/2017,2017-10-04,3.7581,-0.1
191/A/NBP/2017,2017-10-03,3.7618,-0.55
190/A/NBP/2017,2017-10-02,3.7825,0.55
189/A/NBP/2017,2017-09-29,3.7619,-0.13
188/A/NBP/2017,2017-09-28,3.7668,0.21
187/A/NBP/2017,2017-09-27,3.7588,0.59
186/A/NBP/2017,2017-09-26,3.7368,1.3
185/A/NBP/2017,2017-09-25,3.6887,0.22
184/A/NBP/2017,2017-09-22,3.6807,-0.63
183/A/NBP/2017,2017-09-21,3.7042,-0.13
182/A/NBP/2017,2017-09-20,3.7092,-0.46
181/A/NBP/2017,2017-09-19,3.7264,-0.3
180/A/NBP/2017,2017-09-18,3.7376,0.12
179/A/NBP/2017,2017-09-15,3.7332,0.34
178/A/NBP/2017,2017-09-14,3.7206,0.23
177/A/NBP/2017,2017-09-13,3.7119,-0.09
176/A/NBP/2017,2017-09-12,3.7152,-0.13
175/A/NBP/2017,2017-09-11,3.7201,0.02
174/A/NBP/2017,2017-09-08,3.7194,-0.17
173/A/NBP/2017,2017-09-07,3.7256,-0.02
172/A/NBP/2017,2017-09-06,3.7263,0.36
171/A/NBP/2017,2017-09-05,3.7128,-0.59
170/A/NBP/2017,2017-09-04,3.735,0.58
169/A/NBP/2017,2017-09-01,3.7134,-0.13
168/A/NBP/2017,2017-08-31,3.7184,-0.38
167/A/NBP/2017,2017-08-30,3.7326,-0.22
166/A/NBP/2017,2017-08-29,3.741,-0.24
165/A/NBP/2017,2017-08-28,3.7501,0.08
164/A/NBP/2017,2017-08-25,3.7472,-0.44
163/A/NBP/2017,2017-08-24,3.7639,0.48
162/A/NBP/2017,2017-08-23,3.7459,-0.44
161/A/NBP/2017,2017-08-22,3.7623,-0.05
160/A/NBP/2017,2017-08-21,3.7641,-0.76
159/A/NBP/2017,2017-08-18,3.7931,0.96
158/A/NBP/2017,2017-08-17,3.7569,0.44
157/A/NBP/2017,2017-08-16,3.7403,-0.42
156/A/NBP/2017,2017-08-14,3.7559,-1.1
155/A/NBP/2017,2017-08-11,3.7975,0.68
154/A/NBP/2017,2017-08-10,3.772,0.07
153/A/NBP/2017,2017-08-09,3.7693,1.77
152/A/NBP/2017,2017-08-08,3.7036,0.05
151/A/NBP/2017,2017-08-07,3.7018,0.33
150/A/NBP/2017,2017-08-04,3.6898,-0.47
149/A/NBP/2017,2017-08-03,3.7072,-0.02
148/A/NBP/2017,2017-08-02,3.7081,-0.56
147/A/NBP/2017,2017-08-01,3.7288,-0.25
146/A/NBP/2017,2017-07-31,3.7381,-0.29
145/A/NBP/2017,2017-07-28,3.749,-1.64
144/A/NBP/2017,2017-07-27,3.8116,-0.75
143/A/NBP/2017,2017-07-26,3.8404,-0.37
142/A/NBP/2017,2017-07-25,3.8548,0.15
141/A/NBP/2017,2017-07-24,3.8489,0.77
140/A/NBP/2017,2017-07-21,3.8195,-0.21
139/A/NBP/2017,2017-07-20,3.8276,0.05
138/A/NBP/2017,2017-07-19,3.8256,0.44
137/A/NBP/2017,2017-07-18,3.8088,-0.16
136/A/NBP/2017,2017-07-17,3.8148,-0.04
135/A/NBP/2017,2017-07-14,3.8162,-0.92
134/A/NBP/2017,2017-07-13,3.8515,0.19
133/A/NBP/2017,2017-07-12,3.8442,-0.01
132/A/NBP/2017,2017-07-11,3.8446,-0.19
131/A/NBP/2017,2017-07-10,3.8521,-0.01
130/A/NBP/2017,2017-07-07,3.8525,-0.42
129/A/NBP/2017,2017-07-06,3.8688,-0.24
128/A/NBP/2017,2017-07-05,3.878,0.07
127/A/NBP/2017,2017-07-04,3.8752,0.04
126/A/NBP/2017,2017-07-03,3.8735,0.18
125/A/NBP/2017,2017-06-30,3.8667,-0.32
124/A/NBP/2017,2017-06-29,3.8791,0.02
123/A/NBP/2017,2017-06-28,3.8782,0.16
122/A/NBP/2017,2017-06-27,3.8719,-0.14
121/A/NBP/2017,2017-06-26,3.8773,-0.52
120/A/NBP/2017,2017-06-23,3.8977,-0.19
119/A/NBP/2017,2017-06-22,3.905,-0.14
118/A/NBP/2017,2017-06-21,3.9104,0.61
117/A/NBP/2017,2017-06-20,3.8865,0.4
116/A/NBP/2017,2017-06-19,3.8711,-0.15
115/A/NBP/2017,2017-06-16,3.8771,0.18
114/A/NBP/2017,2017-06-14,3.8702,0.09
113/A/NBP/2017,2017-06-13,3.8667,0.14
112/A/NBP/2017,2017-06-12,3.8612,0.12
111/A/NBP/2017,2017-06-09,3.8566,-0.33
110/A/NBP/2017,2017-06-08,3.8693,0.08
109/A/NBP/2017,2017-06-07,3.8662,0.11
108/A/NBP/2017,2017-06-06,3.862,0.39
107/A/NBP/2017,2017-06-05,3.8471,0.07
106/A/NBP/2017,2017-06-02,3.8443,0.17
105/A/NBP/2017,2017-06-01,3.8378,0.1
104/A/NBP/2017,2017-05-31,3.8338,0.03
103/A/NBP/2017,2017-05-30,3.8326,-0.12
102/A/NBP/2017,2017-05-29,3.8373,-0.02
101/A/NBP/2017,2017-05-26,3.8381,0.24
100/A/NBP/2017,2017-05-25,3.8289,-0.47
99/A/NBP/2017,2017-05-24,3.8471,0.06
98/A/NBP/2017,2017-05-23,3.8448,-0.14
97/A/NBP/2017,2017-05-22,3.8502,-0.24
96/A/NBP/2017,2017-05-19,3.8594,-0.22
95/A/NBP/2017,2017-05-18,3.8678,0.75
94/A/NBP/2017,2017-05-17,3.839,0.25
93/A/NBP/2017,2017-05-16,3.8296,-0.52
92/A/NBP/2017,2017-05-15,3.8498,-0.09
91/A/NBP/2017,2017-05-12,3.8534,0.23
90/A/NBP/2017,2017-05-11,3.8446,-0.2
89/A/NBP/2017,2017-05-10,3.8524,-0.49
88/A/NBP/2017,2017-05-09,3.8713,-0.05
87/A/NBP/2017,2017-05-08,3.8734,-0.5
86/A/NBP/2017,2017-05-05,3.8928,0.04
85/A/NBP/2017,2017-05-04,3.8914,0.08
84/A/NBP/2017,2017-05-02,3.8884,-0.17
83/A/NBP/2017,2017-04-28,3.8951,-0.27
82/A/NBP/2017,2017-04-27,3.9056,0.19
81/A/NBP/2017,2017-04-26,3.8982,-0.28
80/A/NBP/2017,2017-04-25,3.9092,-0.45
79/A/NBP/2017,2017-04-24,3.9267,-1.64
78/A/NBP/2017,2017-04-21,3.9921,0.33
77/A/NBP/2017,2017-04-20,3.9788,0.3
76/A/NBP/2017,2017-04-19,3.9669,-0.05
75/A/NBP/2017,2017-04-18,3.9688,-0.09
74/A/NBP/2017,2017-04-14,3.9724,-0.02
73/A/NBP/2017,2017-04-13,3.973,-0.11
72/A/NBP/2017,2017-04-12,3.9774,0.14
71/A/NBP/2017,2017-04-11,3.972,0.33
70/A/NBP/2017,2017-04-10,3.9591,0.18
69/A/NBP/2017,2017-04-07,3.9519,-0.14
68/A/NBP/2017,2017-04-06,3.9575,-0.27
67/A/NBP/2017,2017-04-05,3.9684,-0.3
66/A/NBP/2017,2017-04-04,3.9804,0.52
65/A/NBP/2017,2017-04-03,3.9597,0.34
64/A/NBP/2017,2017-03-31,3.9461,-0.19
63/A/NBP/2017,2017-03-30,3.9538,-0.01
62/A/NBP/2017,2017-03-29,3.9543,-0.47
61/A/NBP/2017,2017-03-28,3.973,-0.28
60/A/NBP/2017,2017-03-27,3.9843,0.01
59/A/NBP/2017,2017-03-24,3.9839,-0.21
58/A/NBP/2017,2017-03-23,3.9922,-0.2
57/A/NBP/2017,2017-03-22,4.0001,0.83
56/A/NBP/2017,2017-03-21,3.967,-0.52
55/A/NBP/2017,2017-03-20,3.9876,-0.61
54/A/NBP/2017,2017-03-17,4.0122,-0.49
53/A/NBP/2017,2017-03-16,4.032,0.02
52/A/NBP/2017,2017-03-15,4.031,-0.14
51/A/NBP/2017,2017-03-14,4.0366,-0.21
50/A/NBP/2017,2017-03-13,4.0449,0.42
49/A/NBP/2017,2017-03-10,4.0281,0.07
48/A/NBP/2017,2017-03-09,4.0252,-0.11
47/A/NBP/2017,2017-03-08,4.0296,0.21
46/A/NBP/2017,2017-03-07,4.021,-0.2
45/A/NBP/2017,2017-03-06,4.029,-0.3
44/A/NBP/2017,2017-03-03,4.0413,0.25
43/A/NBP/2017,2017-03-02,4.0314,-0.18
42/A/NBP/2017,2017-03-01,4.0387,-0.37
41/A/NBP/2017,2017-02-28,4.0535,0.15
40/A/NBP/2017,2017-02-27,4.0474,-0.01
39/A/NBP/2017,2017-02-24,4.0477,0.16
38/A/NBP/2017,2017-02-23,4.0411,0.09
37/A/NBP/2017,2017-02-22,4.0375,-0.46
36/A/NBP/2017,2017-02-21,4.0561,-0.01
35/A/NBP/2017,2017-02-20,4.0564,-0.36
34/A/NBP/2017,2017-02-17,4.0711,0.48
33/A/NBP/2017,2017-02-16,4.0516,0.24
32/A/NBP/2017,2017-02-15,4.042,0.2
31/A/NBP/2017,2017-02-14,4.034,-0.11
30/A/NBP/2017,2017-02-13,4.0385,0.16
29/A/NBP/2017,2017-02-10,4.0322,-0.52
28/A/NBP/2017,2017-02-09,4.0533,0.03
27/A/NBP/2017,2017-02-08,4.0521,0.62
26/A/NBP/2017,2017-02-07,4.0271,0.47
25/A/NBP/2017,2017-02-06,4.0084,-0.27
24/A/NBP/2017,2017-02-03,4.0192,-0.29
23/A/NBP/2017,2017-02-02,4.0307,-0.39
22/A/NBP/2017,2017-02-01,4.0465,-0.39
21/A/NBP/2017,2017-01-31,4.0625,0.24
20/A/NBP/2017,2017-01-30,4.0529,-0.2
19/A/NBP/2017,2017-01-27,4.0609,-0.09
18/A/NBP/2017,2017-01-26,4.0644,-0.02
17/A/NBP/2017,2017-01-25,4.0654,-0.22
16/A/NBP/2017,2017-01-24,4.0744,-0.09
15/A/NBP/2017,2017-01-23,4.0781,0.19
14/A/NBP/2017,2017-01-20,4.0705,-0.23
13/A/NBP/2017,2017-01-19,4.0797,0
12/A/NBP/2017,2017-01-18,4.0798,-0.11
11/A/NBP/2017,2017-01-17,4.0843,0.01
10/A/NBP/2017,2017-01-16,4.0837,0.21
9/A/NBP/2017,2017-01-13,4.0753,-0.09
8/A/NBP/2017,2017-01-12,4.0791,0.21
7/A/NBP/2017,2017-01-11,4.0706,-0.08
6/A/NBP/2017,2017-01-10,4.0737,-0.31
5/A/NBP/2017,2017-01-09,4.0863,-0.03
4/A/NBP/2017,2017-01-05,4.0876,-0.25
3/A/NBP/2017,2017-01-04,4.0978,-0.39
2/A/NBP/2017,2017-01-03,4.1137,-0.17
1/A/NBP/2017,2017-01-02,4.1209,0.09
252/A/NBP/2016,2016-12-30,4.1173,-0.04
251/A/NBP/2016,2016-12-29,4.119,0.26
250/A/NBP/2016,2016-12-28,4.1083,0.29
249/A/NBP/2016,2016-12-27,4.0964,-0.5
248/A/NBP/2016,2016-12-23,4.117,0.07
247/A/NBP/2016,2016-12-22,4.1141,-0.52
246/A/NBP/2016,2016-12-21,4.1357,0.16
245/A/NBP/2016,2016-12-20,4.1289,0.25
244/A/NBP/2016,2016-12-19,4.1185,0.08
243/A/NBP/2016,2016-12-16,4.1152,-0.44
242/A/NBP/2016,2016-12-15,4.1334,0.08
241/A/NBP/2016,2016-12-14,4.1302,-0.1
240/A/NBP/2016,2016-12-13,4.1344,-0.19
239/A/NBP/2016,2016-12-12,4.1422,0.73
238/A/NBP/2016,2016-12-09,4.112,0.5
237/A/NBP/2016,2016-12-08,4.0917,0.16
236/A/NBP/2016,2016-12-07,4.0852,-1.68
235/A/NBP/2016,2016-12-06,4.1551,-0.21
234/A/NBP/2016,2016-12-05,4.1639,-0.16
233/A/NBP/2016,2016-12-02,4.1705,0.71
232/A/NBP/2016,2016-12-01,4.1409,0.61
231/A/NBP/2016,2016-11-30,4.1159,-0.18
230/A/NBP/2016,2016-11-29,4.1235,0.34
229/A/NBP/2016,2016-11-28,4.1094,0.05
228/A/NBP/2016,2016-11-25,4.1073,-0.4
227/A/NBP/2016,2016-11-24,4.1236,0.3
226/A/NBP/2016,2016-11-23,4.1111,-0.1
225/A/NBP/2016,2016-11-22,4.1152,-0.47
224/A/NBP/2016,2016-11-21,4.1345,-0.56
223/A/NBP/2016,2016-11-18,4.1578,0.5
222/A/NBP/2016,2016-11-17,4.1372,0.25
221/A/NBP/2016,2016-11-16,4.1268,0.54
220/A/NBP/2016,2016-11-15,4.1046,0.12
219/A/NBP/2016,2016-11-14,4.0998,1.6
218/A/NBP/2016,2016-11-10,4.0351,0.47
217/A/NBP/2016,2016-11-09,4.0164,0.01
216/A/NBP/2016,2016-11-08,4.0159,0.32
215/A/NBP/2016,2016-11-07,4.0029,0.35
214/A/NBP/2016,2016-11-04,3.9888,-0.45
213/A/NBP/2016,2016-11-03,4.0067,0
212/A/NBP/2016,2016-11-02,4.0066,0.28
211/A/NBP/2016,2016-10-31,3.9953,0.07
210/A/NBP/2016,2016-10-28,3.9927,-0.28
209/A/NBP/2016,2016-10-27,4.0039,0.44
208/A/NBP/2016,2016-10-26,3.9862,0.16
207/A/NBP/2016,2016-10-25,3.98,-0.33
206/A/NBP/2016,2016-10-24,3.9933,-0.17
205/A/NBP/2016,2016-10-21,4.0002,0.55
204/A/NBP/2016,2016-10-20,3.9785,0.14
203/A/NBP/2016,2016-10-19,3.973,0.3
202/A/NBP/2016,2016-10-18,3.9613,-0.24
201/A/NBP/2016,2016-10-17,3.9709,0.64
200/A/NBP/2016,2016-10-14,3.9457,-0.3
199/A/NBP/2016,2016-10-13,3.9576,0.86
198/A/NBP/2016,2016-10-12,3.924,0.56
197/A/NBP/2016,2016-10-11,3.9023,-0.28
196/A/NBP/2016,2016-10-10,3.9131,-0.26
195/A/NBP/2016,2016-10-07,3.9234,-0.26
194/A/NBP/2016,2016-10-06,3.9337,0.32
193/A/NBP/2016,2016-10-05,3.9212,-0.23
192/A/NBP/2016,2016-10-04,3.9303,-0.15
191/A/NBP/2016,2016-10-03,3.9364,-1.1
190/A/NBP/2016,2016-09-30,3.9802,0.82
189/A/NBP/2016,2016-09-29,3.9479,0.21
188/A/NBP/2016,2016-09-28,3.9398,-0.05
187/A/NBP/2016,2016-09-27,3.9418,-0.45
186/A/NBP/2016,2016-09-26,3.9596,0.26
185/A/NBP/2016,2016-09-23,3.9495,0.42
184/A/NBP/2016,2016-09-22,3.933,-0.46
183/A/NBP/2016,2016-09-21,3.951,0.41
182/A/NBP/2016,2016-09-20,3.935,0
181/A/NBP/2016,2016-09-19,3.935,-0.5
180/A/NBP/2016,2016-09-16,3.9548,-0.07
179/A/NBP/2016,2016-09-15,3.9575,-0.01
178/A/NBP/2016,2016-09-14,3.9578,-0.67
177/A/NBP/2016,2016-09-13,3.9844,0.38
176/A/NBP/2016,2016-09-12,3.9695,0.64
175/A/NBP/2016,2016-09-09,3.9444,-0.15
174/A/NBP/2016,2016-09-08,3.9502,-0.57
173/A/NBP/2016,2016-09-07,3.9727,0.17
172/A/NBP/2016,2016-09-06,3.9658,-0.32
171/A/NBP/2016,2016-09-05,3.9786,-0.41
170/A/NBP/2016,2016-09-02,3.9949,0.72
169/A/NBP/2016,2016-09-01,3.9663,-0.21
168/A/NBP/2016,2016-08-31,3.9745,0.23
167/A/NBP/2016,2016-08-30,3.9654,-0.08
166/A/NBP/2016,2016-08-29,3.9686,-0.02
165/A/NBP/2016,2016-08-26,3.9695,0.3
164/A/NBP/2016,2016-08-25,3.9575,-0.14
163/A/NBP/2016,2016-08-24,3.963,0.03
162/A/NBP/2016,2016-08-23,3.9619,0.16
161/A/NBP/2016,2016-08-22,3.9555,-0.1
160/A/NBP/2016,2016-08-19,3.9596,0.3
159/A/NBP/2016,2016-08-18,3.9476,-0.12
158/A/NBP/2016,2016-08-17,3.9525,0.59
157/A/NBP/2016,2016-08-16,3.9295,0.23
156/A/NBP/2016,2016-08-12,3.9205,-0.09
155/A/NBP/2016,2016-08-11,3.9242,0.46
154/A/NBP/2016,2016-08-10,3.9064,-0.21
153/A/NBP/2016,2016-08-09,3.9148,-0.7
152/A/NBP/2016,2016-08-08,3.9423,-0.43
151/A/NBP/2016,2016-08-05,3.9592,-0.09
150/A/NBP/2016,2016-08-04,3.9628,-0.37
149/A/NBP/2016,2016-08-03,3.9776,-1.03
148/A/NBP/2016,2016-08-02,4.019,-0.31
147/A/NBP/2016,2016-08-01,4.0313,0.14
146/A/NBP/2016,2016-07-29,4.0256,0.54
145/A/NBP/2016,2016-07-28,4.0038,0.18
144/A/NBP/2016,2016-07-27,3.9968,-0.82
143/A/NBP/2016,2016-07-26,4.0299,0.06
142/A/NBP/2016,2016-07-25,4.0275,0.51
141/A/NBP/2016,2016-07-22,4.0072,-0.27
140/A/NBP/2016,2016-07-21,4.018,-0.26
139/A/NBP/2016,2016-07-20,4.0283,0.01
138/A/NBP/2016,2016-07-19,4.028,-0.54
137/A/NBP/2016,2016-07-18,4.0499,0.17
136/A/NBP/2016,2016-07-15,4.0432,-0.04
135/A/NBP/2016,2016-07-14,4.045,0.31
134/A/NBP/2016,2016-07-13,4.0324,-0.64
133/A/NBP/2016,2016-07-12,4.0582,-0.18
132/A/NBP/2016,2016-07-11,4.0657,-0.49
131/A/NBP/2016,2016-07-08,4.0857,-0.31
130/A/NBP/2016,2016-07-07,4.0984,-0.14
129/A/NBP/2016,2016-07-06,4.1042,-0.3
128/A/NBP/2016,2016-07-05,4.1165,0.69
127/A/NBP/2016,2016-07-04,4.0884,0.83
126/A/NBP/2016,2016-07-01,4.0547,-0.32
125/A/NBP/2016,2016-06-30,4.0677,-0.09
124/A/NBP/2016,2016-06-29,4.0712,-0.25
123/A/NBP/2016,2016-06-28,4.0814,-1.32
122/A/NBP/2016,2016-06-27,4.1358,0.8
121/A/NBP/2016,2016-06-24,4.1028,1.6
120/A/NBP/2016,2016-06-23,4.0383,-0.53
119/A/NBP/2016,2016-06-22,4.0597,0.54
118/A/NBP/2016,2016-06-21,4.038,0.06
117/A/NBP/2016,2016-06-20,4.0355,-1.43
116/A/NBP/2016,2016-06-17,4.0942,-0.28
115/A/NBP/2016,2016-06-16,4.1058,0.76
114/A/NBP/2016,2016-06-15,4.075,-0.42
113/A/NBP/2016,2016-06-14,4.092,1.39
112/A/NBP/2016,2016-06-13,4.036,1.05
111/A/NBP/2016,2016-06-10,3.9941,0.6
110/A/NBP/2016,2016-06-09,3.9703,0.38
109/A/NBP/2016,2016-06-08,3.9554,-0.21
108/A/NBP/2016,2016-06-07,3.9639,0.1
107/A/NBP/2016,2016-06-06,3.9598,-0.37
106/A/NBP/2016,2016-06-03,3.9746,0.04
105/A/NBP/2016,2016-06-02,3.9731,0.18
104/A/NBP/2016,2016-06-01,3.9658,-0.11
103/A/NBP/2016,2016-05-31,3.9701,-0.14
102/A/NBP/2016,2016-05-30,3.9757,-0.1
101/A/NBP/2016,2016-05-27,3.9795,-0.51
100/A/NBP/2016,2016-05-25,4,-0.26
99/A/NBP/2016,2016-05-24,4.0105,0.61
98/A/NBP/2016,2016-05-23,3.9862,0.35
97/A/NBP/2016,2016-05-20,3.9724,0.08
96/A/NBP/2016,2016-05-19,3.9693,0.08
95/A/NBP/2016,2016-05-18,3.966,0.76
94/A/NBP/2016,2016-05-17,3.9361,-0.55
93/A/NBP/2016,2016-05-16,3.9577,-0.92
92/A/NBP/2016,2016-05-13,3.9944,-0.16
91/A/NBP/2016,2016-05-12,4.0008,0.33
90/A/NBP/2016,2016-05-11,3.9877,-0.31
89/A/NBP/2016,2016-05-10,4.0001,0.1
88/A/NBP/2016,2016-05-09,3.9961,-0.21
87/A/NBP/2016,2016-05-06,4.0047,0.1
86/A/NBP/2016,2016-05-05,4.0005,-0.18
85/A/NBP/2016,2016-05-04,4.0078,0.59
84/A/NBP/2016,2016-05-02,3.9844,-0.92
83/A/NBP/2016,2016-04-29,4.0215,0.49
82/A/NBP/2016,2016-04-28,4.002,0.31
81/A/NBP/2016,2016-04-27,3.9896,-0.26
80/A/NBP/2016,2016-04-26,4,0.13
79/A/NBP/2016,2016-04-25,3.9947,1.64
78/A/NBP/2016,2016-04-22,3.9302,0.51
77/A/NBP/2016,2016-04-21,3.9102,-0.64
76/A/NBP/2016,2016-04-20,3.9352,-0.01
75/A/NBP/2016,2016-04-19,3.9354,-0.1
74/A/NBP/2016,2016-04-18,3.9395,-0.14
73/A/NBP/2016,2016-04-15,3.9451,-0.15
72/A/NBP/2016,2016-04-14,3.9511,0.43
71/A/NBP/2016,2016-04-13,3.9343,-0.2
70/A/NBP/2016,2016-04-12,3.942,0.19
69/A/NBP/2016,2016-04-11,3.9344,-0.2
68/A/NBP/2016,2016-04-08,3.9423,0.73
67/A/NBP/2016,2016-04-07,3.9139,0.25
66/A/NBP/2016,2016-04-06,3.9042,0.33
65/A/NBP/2016,2016-04-05,3.8915,0.37
64/A/NBP/2016,2016-04-04,3.8771,0.13
63/A/NBP/2016,2016-04-01,3.8722,-0.81
62/A/NBP/2016,2016-03-31,3.904,0.39
61/A/NBP/2016,2016-03-30,3.889,-0.35
60/A/NBP/2016,2016-03-29,3.9025,-0.16
59/A/NBP/2016,2016-03-25,3.9087,-0.29
58/A/NBP/2016,2016-03-24,3.9201,0.64
57/A/NBP/2016,2016-03-23,3.8951,-0.39
56/A/NBP/2016,2016-03-22,3.9104,0.28
55/A/NBP/2016,2016-03-21,3.8994,-0.13
54/A/NBP/2016,2016-03-18,3.9045,-0.25
53/A/NBP/2016,2016-03-17,3.9143,-0.13
52/A/NBP/2016,2016-03-16,3.9192,0.22
51/A/NBP/2016,2016-03-15,3.9107,0.32
50/A/NBP/2016,2016-03-14,3.8983,-1.08
49/A/NBP/2016,2016-03-11,3.9409,-0.1
48/A/NBP/2016,2016-03-10,3.9447,-0.05
47/A/NBP/2016,2016-03-09,3.9468,-0.49
46/A/NBP/2016,2016-03-08,3.9664,0.33
45/A/NBP/2016,2016-03-07,3.9532,-0.73
44/A/NBP/2016,2016-03-04,3.9822,-0.17
43/A/NBP/2016,2016-03-03,3.9891,-0.11
42/A/NBP/2016,2016-03-02,3.9933,0.06
41/A/NBP/2016,2016-03-01,3.9909,-0.03
40/A/NBP/2016,2016-02-29,3.9922,0.09
39/A/NBP/2016,2016-02-26,3.9888,-0.45
38/A/NBP/2016,2016-02-25,4.0069,-0.08
37/A/NBP/2016,2016-02-24,4.0103,0.67
36/A/NBP/2016,2016-02-23,3.9835,0.42
35/A/NBP/2016,2016-02-22,3.9668,-0.12
34/A/NBP/2016,2016-02-19,3.9714,-0.04
33/A/NBP/2016,2016-02-18,3.9729,-0.18
32/A/NBP/2016,2016-02-17,3.98,-0.35
31/A/NBP/2016,2016-02-16,3.9938,0.01
30/A/NBP/2016,2016-02-15,3.9935,-0.38
29/A/NBP/2016,2016-02-12,4.0089,-1.11
28/A/NBP/2016,2016-02-11,4.0541,0.24
27/A/NBP/2016,2016-02-10,4.0445,0
26/A/NBP/2016,2016-02-09,4.0447,1.45
25/A/NBP/2016,2016-02-08,3.9869,0.28
24/A/NBP/2016,2016-02-05,3.9756,0.82
23/A/NBP/2016,2016-02-04,3.9431,-0.53
22/A/NBP/2016,2016-02-03,3.9642,0.31
21/A/NBP/2016,2016-02-02,3.952,-0.53
20/A/NBP/2016,2016-02-01,3.973,-0.55
19/A/NBP/2016,2016-01-29,3.9949,-0.78
18/A/NBP/2016,2016-01-28,4.0265,-0.62
17/A/NBP/2016,2016-01-27,4.0516,-0.84
16/A/NBP/2016,2016-01-26,4.0861,0.21
15/A/NBP/2016,2016-01-25,4.0775,0.32
14/A/NBP/2016,2016-01-22,4.0644,-1.07
13/A/NBP/2016,2016-01-21,4.1084,0.64
12/A/NBP/2016,2016-01-20,4.0822,0.5
11/A/NBP/2016,2016-01-19,4.0617,-0.8
10/A/NBP/2016,2016-01-18,4.0945,1.64
9/A/NBP/2016,2016-01-15,4.0284,1.22
8/A/NBP/2016,2016-01-14,3.98,0.05
7/A/NBP/2016,2016-01-13,3.9782,-0.97
6/A/NBP/2016,2016-01-12,4.017,0.03
5/A/NBP/2016,2016-01-11,4.0159,0.59
4/A/NBP/2016,2016-01-08,3.9922,-0.14
3/A/NBP/2016,2016-01-07,3.9979,0.47
2/A/NBP/2016,2016-01-05,3.9792,0.67
1/A/NBP/2016,2016-01-04,3.9526,0.34
254/A/NBP/2015,2015-12-31,3.9394,0.58
253/A/NBP/2015,2015-12-30,3.9165,0.06
252/A/NBP/2015,2015-12-29,3.914,0.07
251/A/NBP/2015,2015-12-28,3.9114,-0.33
250/A/NBP/2015,2015-12-24,3.9242,-0.07
249/A/NBP/2015,2015-12-23,3.9271,0.28
248/A/NBP/2015,2015-12-22,3.9161,-0.48
247/A/NBP/2015,2015-12-21,3.9348,-0.97
246/A/NBP/2015,2015-12-18,3.9733,-0.21
245/A/NBP/2015,2015-12-17,3.9817,-0.53
244/A/NBP/2015,2015-12-16,4.0028,-0.48
243/A/NBP/2015,2015-12-15,4.0222,-0.16
242/A/NBP/2015,2015-12-14,4.0287,0.25
241/A/NBP/2015,2015-12-11,4.0186,0.26
240/A/NBP/2015,2015-12-10,4.0083,0.13
239/A/NBP/2015,2015-12-09,4.003,0.17
238/A/NBP/2015,2015-12-08,3.9963,0.46
237/A/NBP/2015,2015-12-07,3.9781,0.35
236/A/NBP/2015,2015-12-04,3.9643,0.46
235/A/NBP/2015,2015-12-03,3.9461,0.47
234/A/NBP/2015,2015-12-02,3.9278,0.38
233/A/NBP/2015,2015-12-01,3.9128,0.07
232/A/NBP/2015,2015-11-30,3.9099,-0.19
231/A/NBP/2015,2015-11-27,3.9172,-0.59
230/A/NBP/2015,2015-11-26,3.9404,-0.07
229/A/NBP/2015,2015-11-25,3.9431,0.34
228/A/NBP/2015,2015-11-24,3.9298,0.38
227/A/NBP/2015,2015-11-23,3.9151,0.02
226/A/NBP/2015,2015-11-20,3.9143,0.31
225/A/NBP/2015,2015-11-19,3.9023,-0.61
224/A/NBP/2015,2015-11-18,3.9264,-0.15
223/A/NBP/2015,2015-11-17,3.9324,-0.01
222/A/NBP/2015,2015-11-16,3.9328,0.2
221/A/NBP/2015,2015-11-13,3.9248,-0.04
220/A/NBP/2015,2015-11-12,3.9263,-0.44
219/A/NBP/2015,2015-11-10,3.9435,-0.07
218/A/NBP/2015,2015-11-09,3.9464,0.56
217/A/NBP/2015,2015-11-06,3.9246,0.47
216/A/NBP/2015,2015-11-05,3.9062,-0.44
215/A/NBP/2015,2015-11-04,3.9234,0.28
214/A/NBP/2015,2015-11-03,3.9126,0.17
213/A/NBP/2015,2015-11-02,3.906,-0.5
212/A/NBP/2015,2015-10-30,3.9255,-0.28
211/A/NBP/2015,2015-10-29,3.9364,-0.24
210/A/NBP/2015,2015-10-28,3.9459,0.4
209/A/NBP/2015,2015-10-27,3.9302,-0.36
208/A/NBP/2015,2015-10-26,3.9444,0.38
207/A/NBP/2015,2015-10-23,3.9296,-0.15
206/A/NBP/2015,2015-10-22,3.9357,-0.14
205/A/NBP/2015,2015-10-21,3.9411,0.23
204/A/NBP/2015,2015-10-20,3.9319,0.57
203/A/NBP/2015,2015-10-19,3.9097,0.19
202/A/NBP/2015,2015-10-16,3.9022,0.24
201/A/NBP/2015,2015-10-15,3.893,0.29
200/A/NBP/2015,2015-10-14,3.8819,0.27
199/A/NBP/2015,2015-10-13,3.8716,0.19
198/A/NBP/2015,2015-10-12,3.8644,0.03
197/A/NBP/2015,2015-10-09,3.8631,-0.36
196/A/NBP/2015,2015-10-08,3.8772,-0.25
195/A/NBP/2015,2015-10-07,3.8869,-0.01
194/A/NBP/2015,2015-10-06,3.8873,0.02
193/A/NBP/2015,2015-10-05,3.8864,-0.05
192/A/NBP/2015,2015-10-02,3.8885,-0.01
191/A/NBP/2015,2015-10-01,3.889,0.27
190/A/NBP/2015,2015-09-30,3.8785,-0.32
189/A/NBP/2015,2015-09-29,3.8909,0.65
188/A/NBP/2015,2015-09-28,3.8656,0.48
187/A/NBP/2015,2015-09-25,3.8473,-0.31
186/A/NBP/2015,2015-09-24,3.8593,-0.1
185/A/NBP/2015,2015-09-23,3.8632,0.29
184/A/NBP/2015,2015-09-22,3.8522,0.42
183/A/NBP/2015,2015-09-21,3.8359,0
182/A/NBP/2015,2015-09-18,3.8359,-0.02
181/A/NBP/2015,2015-09-17,3.8368,0.02
180/A/NBP/2015,2015-09-16,3.8361,-0.15
179/A/NBP/2015,2015-09-15,3.8417,0.38
178/A/NBP/2015,2015-09-14,3.8272,-0.04
177/A/NBP/2015,2015-09-11,3.8289,-0.73
176/A/NBP/2015,2015-09-10,3.857,-0.25
175/A/NBP/2015,2015-09-09,3.8666,-0.46
174/A/NBP/2015,2015-09-08,3.8843,-0.36
173/A/NBP/2015,2015-09-07,3.8983,0
172/A/NBP/2015,2015-09-04,3.8982,0.37
171/A/NBP/2015,2015-09-03,3.884,-0.58
170/A/NBP/2015,2015-09-02,3.9065,0.21
169/A/NBP/2015,2015-09-01,3.8985,-0.64
168/A/NBP/2015,2015-08-31,3.9238,0.64
167/A/NBP/2015,2015-08-28,3.8988,-0.69
166/A/NBP/2015,2015-08-27,3.926,0.2
165/A/NBP/2015,2015-08-26,3.918,0.53
164/A/NBP/2015,2015-08-25,3.8973,-0.4
163/A/NBP/2015,2015-08-24,3.9129,0.34
162/A/NBP/2015,2015-08-21,3.8998,-0.26
161/A/NBP/2015,2015-08-20,3.9098,0.97
160/A/NBP/2015,2015-08-19,3.8724,0.58
159/A/NBP/2015,2015-08-18,3.8499,-0.11
158/A/NBP/2015,2015-08-17,3.854,0.07
157/A/NBP/2015,2015-08-14,3.8514,0.09
156/A/NBP/2015,2015-08-13,3.848,-0.25
155/A/NBP/2015,2015-08-12,3.8575,-0.49
154/A/NBP/2015,2015-08-11,3.8765,-0.44
153/A/NBP/2015,2015-08-10,3.8937,-0.13
152/A/NBP/2015,2015-08-07,3.8989,-0.11
151/A/NBP/2015,2015-08-06,3.9033,-0.28
150/A/NBP/2015,2015-08-05,3.9144,0.22
149/A/NBP/2015,2015-08-04,3.9059,0.21
148/A/NBP/2015,2015-08-03,3.8977,-0.96
147/A/NBP/2015,2015-07-31,3.9355,1.1
146/A/NBP/2015,2015-07-30,3.8928,-0.05
145/A/NBP/2015,2015-07-29,3.8946,0.69
144/A/NBP/2015,2015-07-28,3.8679,-1.2
143/A/NBP/2015,2015-07-27,3.915,-0.02
142/A/NBP/2015,2015-07-24,3.9159,-0.5
141/A/NBP/2015,2015-07-23,3.9357,0.22
140/A/NBP/2015,2015-07-22,3.9269,-0.34
139/A/NBP/2015,2015-07-21,3.9402,0.13
138/A/NBP/2015,2015-07-20,3.935,0.05
137/A/NBP/2015,2015-07-17,3.9332,-0.35
136/A/NBP/2015,2015-07-16,3.9469,-0.32
135/A/NBP/2015,2015-07-15,3.9595,-0.79
134/A/NBP/2015,2015-07-14,3.9911,0.69
133/A/NBP/2015,2015-07-13,3.9636,-1.11
132/A/NBP/2015,2015-07-10,4.0081,-0.55
131/A/NBP/2015,2015-07-09,4.0304,-0.59
130/A/NBP/2015,2015-07-08,4.0545,0.25
129/A/NBP/2015,2015-07-07,4.0443,0.62
128/A/NBP/2015,2015-07-06,4.0193,0.39
127/A/NBP/2015,2015-07-03,4.0038,0.16
126/A/NBP/2015,2015-07-02,3.9974,-0.31
125/A/NBP/2015,2015-07-01,4.0097,-0.78
124/A/NBP/2015,2015-06-30,4.0412,0.51
123/A/NBP/2015,2015-06-29,4.0208,0.62
122/A/NBP/2015,2015-06-26,3.996,0.35
121/A/NBP/2015,2015-06-25,3.982,-0.18
120/A/NBP/2015,2015-06-24,3.9891,0.02
119/A/NBP/2015,2015-06-23,3.9884,-0.25
118/A/NBP/2015,2015-06-22,3.9985,0.07
117/A/NBP/2015,2015-06-19,3.9957,0.35
116/A/NBP/2015,2015-06-18,3.9817,0.01
115/A/NBP/2015,2015-06-17,3.9815,0.41
114/A/NBP/2015,2015-06-16,3.9654,-0.03
113/A/NBP/2015,2015-06-15,3.9665,0.22
112/A/NBP/2015,2015-06-12,3.9579,0.58
111/A/NBP/2015,2015-06-11,3.9352,-0.76
110/A/NBP/2015,2015-06-10,3.9655,-0.51
109/A/NBP/2015,2015-06-09,3.986,0.28
108/A/NBP/2015,2015-06-08,3.975,0.33
107/A/NBP/2015,2015-06-05,3.9619,-0.18
106/A/NBP/2015,2015-06-03,3.969,-0.82
105/A/NBP/2015,2015-06-02,4.0019,0.09
104/A/NBP/2015,2015-06-01,3.9984,0.19
103/A/NBP/2015,2015-05-29,3.991,-0.26
102/A/NBP/2015,2015-05-28,4.0014,0
101/A/NBP/2015,2015-05-27,4.0014,0.38
100/A/NBP/2015,2015-05-26,3.9864,0.27
99/A/NBP/2015,2015-05-25,3.9757,1.02
98/A/NBP/2015,2015-05-22,3.9355,0.24
97/A/NBP/2015,2015-05-21,3.926,0.73
96/A/NBP/2015,2015-05-20,3.8977,0.49
95/A/NBP/2015,2015-05-19,3.8787,0.38
94/A/NBP/2015,2015-05-18,3.8642,-0.8
93/A/NBP/2015,2015-05-15,3.8955,-0.87
92/A/NBP/2015,2015-05-14,3.9295,0.43
91/A/NBP/2015,2015-05-13,3.9126,-0.69
90/A/NBP/2015,2015-05-12,3.9399,0.47
89/A/NBP/2015,2015-05-11,3.9216,0.13
88/A/NBP/2015,2015-05-08,3.9166,-0.3
87/A/NBP/2015,2015-05-07,3.9285,0.57
86/A/NBP/2015,2015-05-06,3.9064,1.15
85/A/NBP/2015,2015-05-05,3.8619,-0.35
84/A/NBP/2015,2015-05-04,3.8756,0.83
83/A/NBP/2015,2015-04-30,3.8438,0.74
82/A/NBP/2015,2015-04-29,3.8156,-0.74
81/A/NBP/2015,2015-04-28,3.8441,-0.98
80/A/NBP/2015,2015-04-27,3.8822,0.23
79/A/NBP/2015,2015-04-24,3.8732,0.2
78/A/NBP/2015,2015-04-23,3.8653,-0.9
77/A/NBP/2015,2015-04-22,3.9005,0.46
76/A/NBP/2015,2015-04-21,3.8828,-0.67
75/A/NBP/2015,2015-04-20,3.909,0.05
74/A/NBP/2015,2015-04-17,3.9072,0.44
73/A/NBP/2015,2015-04-16,3.8901,0.26
72/A/NBP/2015,2015-04-15,3.8801,-0.11
71/A/NBP/2015,2015-04-14,3.8845,0.35
70/A/NBP/2015,2015-04-13,3.8708,-0.02
69/A/NBP/2015,2015-04-10,3.8715,0.47
68/A/NBP/2015,2015-04-09,3.8533,-0.15
67/A/NBP/2015,2015-04-08,3.8592,-0.72
66/A/NBP/2015,2015-04-07,3.8872,-0.43
65/A/NBP/2015,2015-04-03,3.904,0.03
64/A/NBP/2015,2015-04-02,3.9028,0.25
63/A/NBP/2015,2015-04-01,3.8929,0
